db_identifier,file_ext,file_name,file_dir,file_path
9576b7fb92c9566cc172fe543c181526,.accdb,A2009.34A Ph I Artifact Database.accdb,"X:\CRSP Databases\A2009.34 Utica N-S Arterial\A2009.34 [1of3] (D)\A2009.34A, NYSM 12165\Phase I","X:\CRSP Databases\A2009.34 Utica N-S Arterial\A2009.34 [1of3] (D)\A2009.34A, NYSM 12165\Phase I\A2009.34A Ph I Artifact Database.accdb"
94b07504ac7e0592f72a058da667c785,.accdb,A2009.34A Ph II Artifact Database.accdb,"X:\CRSP Databases\A2009.34 Utica N-S Arterial\A2009.34 [1of3] (D)\A2009.34A, NYSM 12165\Phase II","X:\CRSP Databases\A2009.34 Utica N-S Arterial\A2009.34 [1of3] (D)\A2009.34A, NYSM 12165\Phase II\A2009.34A Ph II Artifact Database.accdb"
2bfc4d874b11a56cc0ce54794df4d94c,.accdb,A2009.34AA Ph I Artifact Database.accdb,"X:\CRSP Databases\A2009.34 Utica N-S Arterial\A2009.34 [1of3] (D)\A2009.34AA, NYSM 12170","X:\CRSP Databases\A2009.34 Utica N-S Arterial\A2009.34 [1of3] (D)\A2009.34AA, NYSM 12170\A2009.34AA Ph I Artifact Database.accdb"
6c18827c90de3cbad581fff135580a97,.accdb,A2009.34AB Ph I Artifact Database.accdb,"X:\CRSP Databases\A2009.34 Utica N-S Arterial\A2009.34 [1of3] (D)\A2009.34AB, NYSM 12171","X:\CRSP Databases\A2009.34 Utica N-S Arterial\A2009.34 [1of3] (D)\A2009.34AB, NYSM 12171\A2009.34AB Ph I Artifact Database.accdb"
5e215a78d4527c858934821ca45d1de7,.accdb,A2009.34AC Ph I Artifact Database.accdb,"X:\CRSP Databases\A2009.34 Utica N-S Arterial\A2009.34 [1of3] (D)\A2009.34AC, NYSM 12172","X:\CRSP Databases\A2009.34 Utica N-S Arterial\A2009.34 [1of3] (D)\A2009.34AC, NYSM 12172\A2009.34AC Ph I Artifact Database.accdb"
b7d04ad392047ed75622594e2c407d58,.accdb,A2009.34AD Ph I Artifact Database.accdb,"X:\CRSP Databases\A2009.34 Utica N-S Arterial\A2009.34 [1of3] (D)\A2009.34AD, NYSM 12173","X:\CRSP Databases\A2009.34 Utica N-S Arterial\A2009.34 [1of3] (D)\A2009.34AD, NYSM 12173\A2009.34AD Ph I Artifact Database.accdb"
936ee47f0afe45ccea75653affc9f05f,.accdb,A2009.34AE Ph I Artifact Database.accdb,"X:\CRSP Databases\A2009.34 Utica N-S Arterial\A2009.34 [1of3] (D)\A2009.34AE, NYSM 12175","X:\CRSP Databases\A2009.34 Utica N-S Arterial\A2009.34 [1of3] (D)\A2009.34AE, NYSM 12175\A2009.34AE Ph I Artifact Database.accdb"
2792b59afb3676e83372a844329adaea,.accdb,A2009.34AF Ph I Artifact Database.accdb,"X:\CRSP Databases\A2009.34 Utica N-S Arterial\A2009.34 [1of3] (D)\A2009.34AF, NYSM 12176","X:\CRSP Databases\A2009.34 Utica N-S Arterial\A2009.34 [1of3] (D)\A2009.34AF, NYSM 12176\A2009.34AF Ph I Artifact Database.accdb"
2c3409127f1e4a843ba663d4956ecd4a,.accdb,A2009.34AG Ph I Artifact Database.accdb,"X:\CRSP Databases\A2009.34 Utica N-S Arterial\A2009.34 [1of3] (D)\A2009.34AG, NYSM 12179","X:\CRSP Databases\A2009.34 Utica N-S Arterial\A2009.34 [1of3] (D)\A2009.34AG, NYSM 12179\A2009.34AG Ph I Artifact Database.accdb"
6e6ccebce50b08b74b4282586145e8bb,.accdb,A2009.34AH Ph I Artifact Database.accdb,"X:\CRSP Databases\A2009.34 Utica N-S Arterial\A2009.34 [1of3] (D)\A2009.34AH, NYSM 12182","X:\CRSP Databases\A2009.34 Utica N-S Arterial\A2009.34 [1of3] (D)\A2009.34AH, NYSM 12182\A2009.34AH Ph I Artifact Database.accdb"
d1d01ace7ec088a3d8ee4f4ec5b1ca13,.accdb,A2009.34AJ Ph I Artifact Database.accdb,"X:\CRSP Databases\A2009.34 Utica N-S Arterial\A2009.34 [1of3] (D)\A2009.34AJ, NYSM 12183","X:\CRSP Databases\A2009.34 Utica N-S Arterial\A2009.34 [1of3] (D)\A2009.34AJ, NYSM 12183\A2009.34AJ Ph I Artifact Database.accdb"
295358c37342d5efb1799324b09b44cc,.accdb,A2009.34AK Ph I Artifact Database.accdb,"X:\CRSP Databases\A2009.34 Utica N-S Arterial\A2009.34 [1of3] (D)\A2009.34AK, NYSM 12184\Phase I","X:\CRSP Databases\A2009.34 Utica N-S Arterial\A2009.34 [1of3] (D)\A2009.34AK, NYSM 12184\Phase I\A2009.34AK Ph I Artifact Database.accdb"
2d9d698cb56abd80651729bbece282ce,.accdb,A2009.34AK Ph II Artifact Database.accdb,"X:\CRSP Databases\A2009.34 Utica N-S Arterial\A2009.34 [1of3] (D)\A2009.34AK, NYSM 12184\Phase II","X:\CRSP Databases\A2009.34 Utica N-S Arterial\A2009.34 [1of3] (D)\A2009.34AK, NYSM 12184\Phase II\A2009.34AK Ph II Artifact Database.accdb"
bfadedd32cbf54d796684f09cccdc9a6,.accdb,A2009.34AL Ph I Artifact Database.accdb,"X:\CRSP Databases\A2009.34 Utica N-S Arterial\A2009.34 [1of3] (D)\A2009.34AL, NYSM 12186","X:\CRSP Databases\A2009.34 Utica N-S Arterial\A2009.34 [1of3] (D)\A2009.34AL, NYSM 12186\A2009.34AL Ph I Artifact Database.accdb"
dc5f0cc16a94bf9b0554db796758d33a,.accdb,A2009.34AM Ph I Artifact Database.accdb,"X:\CRSP Databases\A2009.34 Utica N-S Arterial\A2009.34 [1of3] (D)\A2009.34AM, NYSM 12187","X:\CRSP Databases\A2009.34 Utica N-S Arterial\A2009.34 [1of3] (D)\A2009.34AM, NYSM 12187\A2009.34AM Ph I Artifact Database.accdb"
27460f9595c8a864fee960d5d3953a81,.accdb,NYSM 12188 Ph I Artifact Database.accdb,"X:\CRSP Databases\A2009.34 Utica N-S Arterial\A2009.34 [1of3] (D)\A2009.34AN, NYSM 12188 [collection discarded]","X:\CRSP Databases\A2009.34 Utica N-S Arterial\A2009.34 [1of3] (D)\A2009.34AN, NYSM 12188 [collection discarded]\NYSM 12188 Ph I Artifact Database.accdb"
692ac6c7bb52fdb29757ab0d3a3a60c7,.accdb,A2009.34AP Ph I Artifact Database.accdb,"X:\CRSP Databases\A2009.34 Utica N-S Arterial\A2009.34 [1of3] (D)\A2009.34AP, NYSM 12189","X:\CRSP Databases\A2009.34 Utica N-S Arterial\A2009.34 [1of3] (D)\A2009.34AP, NYSM 12189\A2009.34AP Ph I Artifact Database.accdb"
7186fe2709c8797c267d195207d3459b,.accdb,A2009.34AQ Ph I Artifact Database.accdb,"X:\CRSP Databases\A2009.34 Utica N-S Arterial\A2009.34 [1of3] (D)\A2009.34AQ, NYSM 12156\Phase I","X:\CRSP Databases\A2009.34 Utica N-S Arterial\A2009.34 [1of3] (D)\A2009.34AQ, NYSM 12156\Phase I\A2009.34AQ Ph I Artifact Database.accdb"
16b2355a07199a0380efb3e671f05c10,.accdb,A2009.34AQ Ph II Artifact Database.accdb,"X:\CRSP Databases\A2009.34 Utica N-S Arterial\A2009.34 [1of3] (D)\A2009.34AQ, NYSM 12156\Phase II","X:\CRSP Databases\A2009.34 Utica N-S Arterial\A2009.34 [1of3] (D)\A2009.34AQ, NYSM 12156\Phase II\A2009.34AQ Ph II Artifact Database.accdb"
ce05ea1dc89e6e96e5ee1f7a5fe93a7e,.accdb,NYSM 12159 Ph I Artifact Database.accdb,"X:\CRSP Databases\A2009.34 Utica N-S Arterial\A2009.34 [1of3] (D)\A2009.34AR, NYSM 12159 [collection returned to landowner]","X:\CRSP Databases\A2009.34 Utica N-S Arterial\A2009.34 [1of3] (D)\A2009.34AR, NYSM 12159 [collection returned to landowner]\NYSM 12159 Ph I Artifact Database.accdb"
b3cd01e37414a3676ac179e0c5353c08,.accdb,A2009.34AS Ph I Artifact Database.accdb,"X:\CRSP Databases\A2009.34 Utica N-S Arterial\A2009.34 [1of3] (D)\A2009.34AS, NYSM 12178","X:\CRSP Databases\A2009.34 Utica N-S Arterial\A2009.34 [1of3] (D)\A2009.34AS, NYSM 12178\A2009.34AS Ph I Artifact Database.accdb"
e36589e670d3e9d80ee5fe025a955ba1,.accdb,A2009.34AT Ph I Artifact Database.accdb,"X:\CRSP Databases\A2009.34 Utica N-S Arterial\A2009.34 [1of3] (D)\A2009.34AT, NYSM 12151","X:\CRSP Databases\A2009.34 Utica N-S Arterial\A2009.34 [1of3] (D)\A2009.34AT, NYSM 12151\A2009.34AT Ph I Artifact Database.accdb"
4924f0ae23763833259952349b0d7276,.accdb,A2009.34B Ph I Artifact Database.accdb,"X:\CRSP Databases\A2009.34 Utica N-S Arterial\A2009.34 [1of3] (D)\A2009.34B, NYSM 12166\Phase I","X:\CRSP Databases\A2009.34 Utica N-S Arterial\A2009.34 [1of3] (D)\A2009.34B, NYSM 12166\Phase I\A2009.34B Ph I Artifact Database.accdb"
4e72edbaed78da65a2ffeebeeb302527,.accdb,A2009.34B Ph II Artifact Database.accdb,"X:\CRSP Databases\A2009.34 Utica N-S Arterial\A2009.34 [1of3] (D)\A2009.34B, NYSM 12166\Phase II","X:\CRSP Databases\A2009.34 Utica N-S Arterial\A2009.34 [1of3] (D)\A2009.34B, NYSM 12166\Phase II\A2009.34B Ph II Artifact Database.accdb"
ddd151300a1557e5ef9046a265fa92cd,.accdb,NYSM 12167 Ph I Artifact Database.accdb,"X:\CRSP Databases\A2009.34 Utica N-S Arterial\A2009.34 [1of3] (D)\A2009.34C, NYSM 12167 [collection returned to landowner]","X:\CRSP Databases\A2009.34 Utica N-S Arterial\A2009.34 [1of3] (D)\A2009.34C, NYSM 12167 [collection returned to landowner]\NYSM 12167 Ph I Artifact Database.accdb"
3e070b3db7271672947d895f1bb49151,.accdb,A2009.34D Ph I Artifact Database.accdb,"X:\CRSP Databases\A2009.34 Utica N-S Arterial\A2009.34 [1of3] (D)\A2009.34D, NYSM 12168","X:\CRSP Databases\A2009.34 Utica N-S Arterial\A2009.34 [1of3] (D)\A2009.34D, NYSM 12168\A2009.34D Ph I Artifact Database.accdb"
d9d2dd7230554759abb3ec98f6607696,.accdb,A2009.34E Ph I Artifact Database.accdb,"X:\CRSP Databases\A2009.34 Utica N-S Arterial\A2009.34 [1of3] (D)\A2009.34E, NYSM 12174\Phase I","X:\CRSP Databases\A2009.34 Utica N-S Arterial\A2009.34 [1of3] (D)\A2009.34E, NYSM 12174\Phase I\A2009.34E Ph I Artifact Database.accdb"
c2570a833e1c91c08fb743a60b267e1a,.accdb,A2009.34E Ph II Artifact Database.accdb,"X:\CRSP Databases\A2009.34 Utica N-S Arterial\A2009.34 [1of3] (D)\A2009.34E, NYSM 12174\Phase II","X:\CRSP Databases\A2009.34 Utica N-S Arterial\A2009.34 [1of3] (D)\A2009.34E, NYSM 12174\Phase II\A2009.34E Ph II Artifact Database.accdb"
1c98cde648fb824a9115bff0f470a969,.accdb,A2009.34F Ph I Artifact Database.accdb,"X:\CRSP Databases\A2009.34 Utica N-S Arterial\A2009.34 [1of3] (D)\A2009.34F, NYSM 12177\Phase I","X:\CRSP Databases\A2009.34 Utica N-S Arterial\A2009.34 [1of3] (D)\A2009.34F, NYSM 12177\Phase I\A2009.34F Ph I Artifact Database.accdb"
ff6bbb9470a92b52c8a53387a77f5a2b,.accdb,A2009.34F Ph II Artifact Database.accdb,"X:\CRSP Databases\A2009.34 Utica N-S Arterial\A2009.34 [1of3] (D)\A2009.34F, NYSM 12177\Phase II","X:\CRSP Databases\A2009.34 Utica N-S Arterial\A2009.34 [1of3] (D)\A2009.34F, NYSM 12177\Phase II\A2009.34F Ph II Artifact Database.accdb"
e75fe6dbacebb3840fe10ec80c333cc8,.accdb,A2009.34G Ph I Artifact Database.accdb,"X:\CRSP Databases\A2009.34 Utica N-S Arterial\A2009.34 [1of3] (D)\A2009.34G, NYSM 12180\Phase I","X:\CRSP Databases\A2009.34 Utica N-S Arterial\A2009.34 [1of3] (D)\A2009.34G, NYSM 12180\Phase I\A2009.34G Ph I Artifact Database.accdb"
5dc3af4b0a839f8be36fbb1094b44f2d,.accdb,A2009.34G Ph II Artifact Database.accdb,"X:\CRSP Databases\A2009.34 Utica N-S Arterial\A2009.34 [1of3] (D)\A2009.34G, NYSM 12180\Phase II","X:\CRSP Databases\A2009.34 Utica N-S Arterial\A2009.34 [1of3] (D)\A2009.34G, NYSM 12180\Phase II\A2009.34G Ph II Artifact Database.accdb"
cda578d4d8cd98e9db84c6922faee651,.accdb,A2009.34H Ph I Artifact Database.accdb,"X:\CRSP Databases\A2009.34 Utica N-S Arterial\A2009.34 [1of3] (D)\A2009.34H, NYSM 12181\Phase I","X:\CRSP Databases\A2009.34 Utica N-S Arterial\A2009.34 [1of3] (D)\A2009.34H, NYSM 12181\Phase I\A2009.34H Ph I Artifact Database.accdb"
c6f7fde563dc91b2ebfc36857c6b537d,.accdb,A2009.34H Ph II Artifact Database.accdb,"X:\CRSP Databases\A2009.34 Utica N-S Arterial\A2009.34 [1of3] (D)\A2009.34H, NYSM 12181\Phase II","X:\CRSP Databases\A2009.34 Utica N-S Arterial\A2009.34 [1of3] (D)\A2009.34H, NYSM 12181\Phase II\A2009.34H Ph II Artifact Database.accdb"
5f13e57ca164b3e99c3e3a734d146532,.accdb,A2009.34J Ph I Artifact Database.accdb,"X:\CRSP Databases\A2009.34 Utica N-S Arterial\A2009.34 [1of3] (D)\A2009.34J, NYSM 12185\Phase I","X:\CRSP Databases\A2009.34 Utica N-S Arterial\A2009.34 [1of3] (D)\A2009.34J, NYSM 12185\Phase I\A2009.34J Ph I Artifact Database.accdb"
d4e1d202c11709f4de38aba34c880600,.accdb,A2009.34J Ph II Artifact Database.accdb,"X:\CRSP Databases\A2009.34 Utica N-S Arterial\A2009.34 [1of3] (D)\A2009.34J, NYSM 12185\Phase II","X:\CRSP Databases\A2009.34 Utica N-S Arterial\A2009.34 [1of3] (D)\A2009.34J, NYSM 12185\Phase II\A2009.34J Ph II Artifact Database.accdb"
90267c619ed9e889aff271ccc37008dd,.accdb,A2009.34K Ph I Artifact Database.accdb,"X:\CRSP Databases\A2009.34 Utica N-S Arterial\A2009.34 [1of3] (D)\A2009.34K, NYSM 12190","X:\CRSP Databases\A2009.34 Utica N-S Arterial\A2009.34 [1of3] (D)\A2009.34K, NYSM 12190\A2009.34K Ph I Artifact Database.accdb"
7f0934022263756b737e5f692ba493f9,.accdb,A2009.34L Ph I Artifact Database.accdb,"X:\CRSP Databases\A2009.34 Utica N-S Arterial\A2009.34 [1of3] (D)\A2009.34L, NYSM 12191\Phase I","X:\CRSP Databases\A2009.34 Utica N-S Arterial\A2009.34 [1of3] (D)\A2009.34L, NYSM 12191\Phase I\A2009.34L Ph I Artifact Database.accdb"
dac34d9d48ad33eb60552627bb5e34dd,.accdb,A2009.34L Ph II Artifact Database.accdb,"X:\CRSP Databases\A2009.34 Utica N-S Arterial\A2009.34 [1of3] (D)\A2009.34L, NYSM 12191\Phase II","X:\CRSP Databases\A2009.34 Utica N-S Arterial\A2009.34 [1of3] (D)\A2009.34L, NYSM 12191\Phase II\A2009.34L Ph II Artifact Database.accdb"
96ed81bee66ff2266742ee7e20fbe08b,.accdb,A2009.34M Ph I Artifact Database.accdb,"X:\CRSP Databases\A2009.34 Utica N-S Arterial\A2009.34 [1of3] (D)\A2009.34M, NYSM 12192\Phase I","X:\CRSP Databases\A2009.34 Utica N-S Arterial\A2009.34 [1of3] (D)\A2009.34M, NYSM 12192\Phase I\A2009.34M Ph I Artifact Database.accdb"
e652e6de961d42d628f745ecbfbb5f95,.accdb,A2009.34M Ph II Artifact Database.accdb,"X:\CRSP Databases\A2009.34 Utica N-S Arterial\A2009.34 [1of3] (D)\A2009.34M, NYSM 12192\Phase II","X:\CRSP Databases\A2009.34 Utica N-S Arterial\A2009.34 [1of3] (D)\A2009.34M, NYSM 12192\Phase II\A2009.34M Ph II Artifact Database.accdb"
ca0e070e638b767aae0956ab3c26526d,.accdb,A2009.34N Ph I Artifact Database.accdb,"X:\CRSP Databases\A2009.34 Utica N-S Arterial\A2009.34 [1of3] (D)\A2009.34N, NYSM 12152","X:\CRSP Databases\A2009.34 Utica N-S Arterial\A2009.34 [1of3] (D)\A2009.34N, NYSM 12152\A2009.34N Ph I Artifact Database.accdb"
462f75b08e5d5d205422f3ea14a19648,.accdb,A2009.34P Ph I Artifact Database.accdb,"X:\CRSP Databases\A2009.34 Utica N-S Arterial\A2009.34 [1of3] (D)\A2009.34P, NYSM 12153","X:\CRSP Databases\A2009.34 Utica N-S Arterial\A2009.34 [1of3] (D)\A2009.34P, NYSM 12153\A2009.34P Ph I Artifact Database.accdb"
8259049556381da9c84c53161fdcf7d2,.accdb,A2009.34Q Ph I Artifact Database.accdb,"X:\CRSP Databases\A2009.34 Utica N-S Arterial\A2009.34 [1of3] (D)\A2009.34Q, NYSM 12154","X:\CRSP Databases\A2009.34 Utica N-S Arterial\A2009.34 [1of3] (D)\A2009.34Q, NYSM 12154\A2009.34Q Ph I Artifact Database.accdb"
9c4283a19d32ae195ad028ab88c533cb,.accdb,A2009.34R Ph I Artifact Database.accdb,"X:\CRSP Databases\A2009.34 Utica N-S Arterial\A2009.34 [1of3] (D)\A2009.34R, NYSM 12155","X:\CRSP Databases\A2009.34 Utica N-S Arterial\A2009.34 [1of3] (D)\A2009.34R, NYSM 12155\A2009.34R Ph I Artifact Database.accdb"
66c0510ab44439f1a54b0d8555811c0e,.accdb,A2009.34S Ph I Artifact Database.accdb,"X:\CRSP Databases\A2009.34 Utica N-S Arterial\A2009.34 [1of3] (D)\A2009.34S, NYSM 12157","X:\CRSP Databases\A2009.34 Utica N-S Arterial\A2009.34 [1of3] (D)\A2009.34S, NYSM 12157\A2009.34S Ph I Artifact Database.accdb"
7ed97d3bb09a63a36db6d8c0d9b38cb3,.accdb,A2009.34T Ph I Artifact Database.accdb,"X:\CRSP Databases\A2009.34 Utica N-S Arterial\A2009.34 [1of3] (D)\A2009.34T, NYSM 12158","X:\CRSP Databases\A2009.34 Utica N-S Arterial\A2009.34 [1of3] (D)\A2009.34T, NYSM 12158\A2009.34T Ph I Artifact Database.accdb"
fc0eecb851804bc9e60c583d91fb7cbb,.accdb,A2009.34U Ph I Artifact Database.accdb,"X:\CRSP Databases\A2009.34 Utica N-S Arterial\A2009.34 [1of3] (D)\A2009.34U, NYSM 12160","X:\CRSP Databases\A2009.34 Utica N-S Arterial\A2009.34 [1of3] (D)\A2009.34U, NYSM 12160\A2009.34U Ph I Artifact Database.accdb"
6ad3eea65676b6c692fdaf39f505188d,.accdb,A2009.34V Ph I Artifact Database.accdb,"X:\CRSP Databases\A2009.34 Utica N-S Arterial\A2009.34 [1of3] (D)\A2009.34V, NYSM 12161","X:\CRSP Databases\A2009.34 Utica N-S Arterial\A2009.34 [1of3] (D)\A2009.34V, NYSM 12161\A2009.34V Ph I Artifact Database.accdb"
4f346ac6d076882130aa6a6b36d016e3,.accdb,A2009.34W Ph I Artifact Database.accdb,"X:\CRSP Databases\A2009.34 Utica N-S Arterial\A2009.34 [1of3] (D)\A2009.34W, NYSM 12162","X:\CRSP Databases\A2009.34 Utica N-S Arterial\A2009.34 [1of3] (D)\A2009.34W, NYSM 12162\A2009.34W Ph I Artifact Database.accdb"
0ed8d77cb6bce30fa0f0fca5d80fd5ba,.accdb,A2009.34X Ph I Artifact Database.accdb,"X:\CRSP Databases\A2009.34 Utica N-S Arterial\A2009.34 [1of3] (D)\A2009.34X, NYSM 12163","X:\CRSP Databases\A2009.34 Utica N-S Arterial\A2009.34 [1of3] (D)\A2009.34X, NYSM 12163\A2009.34X Ph I Artifact Database.accdb"
0c261b72bdf7f0f4b6a728847a1892ed,.accdb,A2009.34Y Ph I Artifact Database.accdb,"X:\CRSP Databases\A2009.34 Utica N-S Arterial\A2009.34 [1of3] (D)\A2009.34Y, NYSM 12164","X:\CRSP Databases\A2009.34 Utica N-S Arterial\A2009.34 [1of3] (D)\A2009.34Y, NYSM 12164\A2009.34Y Ph I Artifact Database.accdb"
66ee488c89e934294c3c2fd99545d078,.accdb,A2009.34Z Ph I Artifact Database.accdb,"X:\CRSP Databases\A2009.34 Utica N-S Arterial\A2009.34 [1of3] (D)\A2009.34Z, NYSM 12169","X:\CRSP Databases\A2009.34 Utica N-S Arterial\A2009.34 [1of3] (D)\A2009.34Z, NYSM 12169\A2009.34Z Ph I Artifact Database.accdb"
8c5be67035e1e0e9141fad97d675c277,.accdb,DOT_Utica_4001-41.accdb,X:\CRSP Databases\A2009.34 Utica N-S Arterial\A2009.34 [1of3] (D)\Faunal Analysis,X:\CRSP Databases\A2009.34 Utica N-S Arterial\A2009.34 [1of3] (D)\Faunal Analysis\DOT_Utica_4001-41.accdb
476817462cf63b64fe6518726bb491bb,.accdb,Canal Corp 4-Glenville 10-99 (UPDATE).accdb,X:\CRSP Databases\Canal Corp\Pre-2010 Databases,X:\CRSP Databases\Canal Corp\Pre-2010 Databases\Canal Corp 4-Glenville 10-99 (UPDATE).accdb
1abbcbe86202dba39843b4031ead24b8,.accdb,Canal Corp1-Palmyra-9-99 (UPDATE).accdb,X:\CRSP Databases\Canal Corp\Pre-2010 Databases,X:\CRSP Databases\Canal Corp\Pre-2010 Databases\Canal Corp1-Palmyra-9-99 (UPDATE).accdb
521df7443021bf6aed8c3c0c63eb5bb6,.accdb,Canal Corp3-Lysander-9-99 (UPDATE).accdb,X:\CRSP Databases\Canal Corp\Pre-2010 Databases,X:\CRSP Databases\Canal Corp\Pre-2010 Databases\Canal Corp3-Lysander-9-99 (UPDATE).accdb
01349096f6d259fd19b194acc4e83a76,.accdb,DEC 5 Rivers (03-10).accdb,X:\CRSP Databases\DEC Projects,X:\CRSP Databases\DEC Projects\DEC 5 Rivers (03-10).accdb
1d0f3ce12784d55c4a956295ec447803,.accdb,DEC Cove Road Boat Launch (5-2018).accdb,X:\CRSP Databases\DEC Projects,X:\CRSP Databases\DEC Projects\DEC Cove Road Boat Launch (5-2018).accdb
f1cbcab991f1ea4f298357b8699a6bc4,.accdb,DEC Crown Point Drainage (11-10).accdb,X:\CRSP Databases\DEC Projects,X:\CRSP Databases\DEC Projects\DEC Crown Point Drainage (11-10).accdb
de06f8f8a06769c3823caec018da0a69,.accdb,DEC Crown Point Sewer Line (05-10).accdb,X:\CRSP Databases\DEC Projects,X:\CRSP Databases\DEC Projects\DEC Crown Point Sewer Line (05-10).accdb
dec150fe1dbaa6daf38e7f094fa374d7,.accdb,DEC Crown Point Slope failure (11-10).accdb,X:\CRSP Databases\DEC Projects,X:\CRSP Databases\DEC Projects\DEC Crown Point Slope failure (11-10).accdb
bba4207d31422f0d3080b2a6259a1f45,.accdb,DEC Deer River (7-2015).accdb,X:\CRSP Databases\DEC Projects,X:\CRSP Databases\DEC Projects\DEC Deer River (7-2015).accdb
dec013005526fed8b98c9a5ee83f8a6f,.accdb,DEC Doodletown WMA (5-2018).accdb,X:\CRSP Databases\DEC Projects,X:\CRSP Databases\DEC Projects\DEC Doodletown WMA (5-2018).accdb
4652fcd1e0e5f537a6e986c95599168a,.accdb,DEC Five Rivers (01-15).accdb,X:\CRSP Databases\DEC Projects,X:\CRSP Databases\DEC Projects\DEC Five Rivers (01-15).accdb
2d967ed2c35ea5747d78497d5363a2eb,.accdb,DEC Foote Rd. WMA Parking Lot (10-15).accdb,X:\CRSP Databases\DEC Projects,X:\CRSP Databases\DEC Projects\DEC Foote Rd. WMA Parking Lot (10-15).accdb
3d82a82773676670cc1fd52e45da97b4,.accdb,DEC Fort Presentation (10-12).accdb,X:\CRSP Databases\DEC Projects,X:\CRSP Databases\DEC Projects\DEC Fort Presentation (10-12).accdb
b014f966a4511fa98fd2342d3503347a,.accdb,DEC Genesee (11-15).accdb,X:\CRSP Databases\DEC Projects,X:\CRSP Databases\DEC Projects\DEC Genesee (11-15).accdb
39c8430d54b8025593fe7cd29746bb9d,.accdb,DEC Genesee Addendum (06-16).accdb,X:\CRSP Databases\DEC Projects,X:\CRSP Databases\DEC Projects\DEC Genesee Addendum (06-16).accdb
b783de7409053e17d72612f272a4d544,.accdb,DEC Harrietstown (6-12).accdb,X:\CRSP Databases\DEC Projects,X:\CRSP Databases\DEC Projects\DEC Harrietstown (6-12).accdb
88785344abe7453c911612098b2ea863,.accdb,DEC Howland Island.accdb,X:\CRSP Databases\DEC Projects,X:\CRSP Databases\DEC Projects\DEC Howland Island.accdb
f75c7831813078956783764620b78aca,.accdb,DEC Lake George Beach (08-13).accdb,X:\CRSP Databases\DEC Projects,X:\CRSP Databases\DEC Projects\DEC Lake George Beach (08-13).accdb
9ce4ce36e79defbca52805bd994dd6d7,.accdb,DEC Lake George Beach Float Catalog (08-13).accdb,X:\CRSP Databases\DEC Projects,X:\CRSP Databases\DEC Projects\DEC Lake George Beach Float Catalog (08-13).accdb
d3bd877a4859bce00c97dfd881383bfd,.accdb,DEC Lake George Burial (05-10).accdb,X:\CRSP Databases\DEC Projects,X:\CRSP Databases\DEC Projects\DEC Lake George Burial (05-10).accdb
38a09b28d5093a5eef761ec7950152d2,.accdb,DEC Lake George Park Commission (12-2017).accdb,X:\CRSP Databases\DEC Projects,X:\CRSP Databases\DEC Projects\DEC Lake George Park Commission (12-2017).accdb
c777cc181a73035b0e239ac006fde890,.accdb,DEC Meacham Lake.accdb,X:\CRSP Databases\DEC Projects,X:\CRSP Databases\DEC Projects\DEC Meacham Lake.accdb
ecbc4ce8c54d4951f56eceaaf6ff1664,.accdb,DEC Nuttenhook (8-14).accdb,X:\CRSP Databases\DEC Projects,X:\CRSP Databases\DEC Projects\DEC Nuttenhook (8-14).accdb
8df6ed56fedb5c16a368a79d3e66525a,.accdb,DEC Oriskany Flats Timber Harvest (9-2017).accdb,X:\CRSP Databases\DEC Projects,X:\CRSP Databases\DEC Projects\DEC Oriskany Flats Timber Harvest (9-2017).accdb
e1102f8062233e75725ff3917c6f82b4,.accdb,DEC Otisco Lake Boat Launch (5-2018).accdb,X:\CRSP Databases\DEC Projects,X:\CRSP Databases\DEC Projects\DEC Otisco Lake Boat Launch (5-2018).accdb
b27b36249dab697366a21def612b5f4b,.accdb,DEC Perch River WMA (11-2017).accdb,X:\CRSP Databases\DEC Projects,X:\CRSP Databases\DEC Projects\DEC Perch River WMA (11-2017).accdb
bd8e8affcbc743806801d62a9d943277,.accdb,DEC Stockport (8-2017).accdb,X:\CRSP Databases\DEC Projects,X:\CRSP Databases\DEC Projects\DEC Stockport (8-2017).accdb
ac0aec53284d8e0acab651c45bd217c2,.accdb,DEC Stonykill Farm (4-10).accdb,X:\CRSP Databases\DEC Projects,X:\CRSP Databases\DEC Projects\DEC Stonykill Farm (4-10).accdb
0aed3f40aba5609c95bef4eee871d3d0,.accdb,DEC Tivoli Bays (6-2018).accdb,X:\CRSP Databases\DEC Projects,X:\CRSP Databases\DEC Projects\DEC Tivoli Bays (6-2018).accdb
cb6c28831ae312aa744d370212ac9d14,.accdb,DEC Tug Hill (8-2017).accdb,X:\CRSP Databases\DEC Projects,X:\CRSP Databases\DEC Projects\DEC Tug Hill (8-2017).accdb
7b6530d0079bc6b0663e006599a55d99,.accdb,DEC Crown Point (12-07).accdb,X:\CRSP Databases\DEC Projects\Pre-2010 Databases,X:\CRSP Databases\DEC Projects\Pre-2010 Databases\DEC Crown Point (12-07).accdb
fb3118a223952df6aa6eb3b415693eeb,.accdb,DEC Fort Presentation (12-07).accdb,X:\CRSP Databases\DEC Projects\Pre-2010 Databases,X:\CRSP Databases\DEC Projects\Pre-2010 Databases\DEC Fort Presentation (12-07).accdb
6d9854c1ce79b4654c9aa85c9526bf9f,.accdb,DEC Lake George (10-09).accdb,X:\CRSP Databases\DEC Projects\Pre-2010 Databases,X:\CRSP Databases\DEC Projects\Pre-2010 Databases\DEC Lake George (10-09).accdb
cf5d5f9bfad3a4b992ed51407bd1b23c,.accdb,DEC Middle Island - 05-05.accdb,X:\CRSP Databases\DEC Projects\Pre-2010 Databases,X:\CRSP Databases\DEC Projects\Pre-2010 Databases\DEC Middle Island - 05-05.accdb
8af1ca05494aa75feb16927a95cb71a6,.accdb,DEC Scaroon (1-07).accdb,X:\CRSP Databases\DEC Projects\Pre-2010 Databases,X:\CRSP Databases\DEC Projects\Pre-2010 Databases\DEC Scaroon (1-07).accdb
172594a9fce04c83f7654ae79c5241cd,.accdb,DEC Tahawus (06-06).accdb,X:\CRSP Databases\DEC Projects\Pre-2010 Databases,X:\CRSP Databases\DEC Projects\Pre-2010 Databases\DEC Tahawus (06-06).accdb
c54bbae711de17e738d8404ee650ae74,.accdb,DEC3 - Crusoe Creek (2005).accdb,X:\CRSP Databases\DEC Projects\Pre-2010 Databases,X:\CRSP Databases\DEC Projects\Pre-2010 Databases\DEC3 - Crusoe Creek (2005).accdb
1b0529bf0ab95004de54b242acbd46a3,.accdb,ENCON 3 - Stonykill Environmental Education Center (2004).accdb,X:\CRSP Databases\DEC Projects\Pre-2010 Databases,X:\CRSP Databases\DEC Projects\Pre-2010 Databases\ENCON 3 - Stonykill Environmental Education Center (2004).accdb
69392219041761de38a010bed1222ece,.accdb,DOCS 1 Greenhaven - Orr Site (1997) (UPDATE).accdb,X:\CRSP Databases\DOCS\Pre-2010 Databases,X:\CRSP Databases\DOCS\Pre-2010 Databases\DOCS 1 Greenhaven - Orr Site (1997) (UPDATE).accdb
46f3c1abe326f5ec45946f11412e7e2b,.accdb,DOCS 13-Seneca-01-99 (UPDATE).accdb,X:\CRSP Databases\DOCS\Pre-2010 Databases,X:\CRSP Databases\DOCS\Pre-2010 Databases\DOCS 13-Seneca-01-99 (UPDATE).accdb
1540afba3c340bd6f17149fb9a5196b1,.accdb,DOCS 15-Watertown-3-00 (UPDATE).accdb,X:\CRSP Databases\DOCS\Pre-2010 Databases,X:\CRSP Databases\DOCS\Pre-2010 Databases\DOCS 15-Watertown-3-00 (UPDATE).accdb
c240d0bf7fd69ca7283434f049c4b727,.accdb,DOCS 2-Clinton-Cent.Zone-08-97 (UPDATE).accdb,X:\CRSP Databases\DOCS\Pre-2010 Databases,X:\CRSP Databases\DOCS\Pre-2010 Databases\DOCS 2-Clinton-Cent.Zone-08-97 (UPDATE).accdb
f4d6319d038c89b849b1c69cc79651f1,.accdb,DOCS 3-Clinton-Waterline-10-97 (UPDATE).accdb,X:\CRSP Databases\DOCS\Pre-2010 Databases,X:\CRSP Databases\DOCS\Pre-2010 Databases\DOCS 3-Clinton-Waterline-10-97 (UPDATE).accdb
4cca3d7466dffafb7f262047556344de,.accdb,DOCS 4-Tupperlake-10-97 (UPDATE).accdb,X:\CRSP Databases\DOCS\Pre-2010 Databases,X:\CRSP Databases\DOCS\Pre-2010 Databases\DOCS 4-Tupperlake-10-97 (UPDATE).accdb
086f5c6ef03dd2a477f0c454fe09d0b8,.accdb,DOCS 6-Malone-12-97 (UPDATE).accdb,X:\CRSP Databases\DOCS\Pre-2010 Databases,X:\CRSP Databases\DOCS\Pre-2010 Databases\DOCS 6-Malone-12-97 (UPDATE).accdb
fa66354278b0ebf089d10350f3b97882,.accdb,DOCS 8 Fishkill (1998).accdb,X:\CRSP Databases\DOCS\Pre-2010 Databases,X:\CRSP Databases\DOCS\Pre-2010 Databases\DOCS 8 Fishkill (1998).accdb
5a1591a63fae136f5a4f938029553904,.accdb,DOCS Coxsackie Waterline Replacement (2001) (UPDATE).accdb,X:\CRSP Databases\DOCS\Pre-2010 Databases,X:\CRSP Databases\DOCS\Pre-2010 Databases\DOCS Coxsackie Waterline Replacement (2001) (UPDATE).accdb
697fdba8bc4ad9593de4f1cb6d7cce18,.accdb,DOCS Groveland (2000) (UPDATE).accdb,X:\CRSP Databases\DOCS\Pre-2010 Databases,X:\CRSP Databases\DOCS\Pre-2010 Databases\DOCS Groveland (2000) (UPDATE).accdb
3cd6ff784e1eb8f90b1000e206b1f8ed,.accdb,DOCS Marcy Expansion (2000) (UPDATE).accdb,X:\CRSP Databases\DOCS\Pre-2010 Databases,X:\CRSP Databases\DOCS\Pre-2010 Databases\DOCS Marcy Expansion (2000) (UPDATE).accdb
433627cbdc23310ff773c4d8f54b2b75,.accdb,DOCS Midstate Sewer (1999) (UPDATE).accdb,X:\CRSP Databases\DOCS\Pre-2010 Databases,X:\CRSP Databases\DOCS\Pre-2010 Databases\DOCS Midstate Sewer (1999) (UPDATE).accdb
c12da66b4bd8818f3dbaddabb1f367b8,.accdb,DOCS Mt McGregor (2000) (UPDATE).accdb,X:\CRSP Databases\DOCS\Pre-2010 Databases,X:\CRSP Databases\DOCS\Pre-2010 Databases\DOCS Mt McGregor (2000) (UPDATE).accdb
71defb1bf52858bd38bb26765ec8496b,.accdb,DOCS Oneida (1998) (A1988-28) (UPDATE).accdb,X:\CRSP Databases\DOCS\Pre-2010 Databases,X:\CRSP Databases\DOCS\Pre-2010 Databases\DOCS Oneida (1998) (A1988-28) (UPDATE).accdb
b7857e6192822a0b87d2f45f4b7e9746,.accdb,DOCS Wallkill Waterline (1999) (UPDATE).accdb,X:\CRSP Databases\DOCS\Pre-2010 Databases,X:\CRSP Databases\DOCS\Pre-2010 Databases\DOCS Wallkill Waterline (1999) (UPDATE).accdb
b8c157f2cd55e04de94fbae7fb8ec9ff,.accdb,DOCS-Albion-3-00 (UPDATE).accdb,X:\CRSP Databases\DOCS\Pre-2010 Databases,X:\CRSP Databases\DOCS\Pre-2010 Databases\DOCS-Albion-3-00 (UPDATE).accdb
bde0ea2c3558b2ce04d1f42b7e6b90ed,.accdb,DOCS-Green County Retention Pond (1998) (UPDATE).accdb,X:\CRSP Databases\DOCS\Pre-2010 Databases,X:\CRSP Databases\DOCS\Pre-2010 Databases\DOCS-Green County Retention Pond (1998) (UPDATE).accdb
6e5cdf6f2d479dd124dc4f3d17341f86,.accdb,dewitt (UPDATE).accdb,X:\CRSP Databases\Foxpro Databases,X:\CRSP Databases\Foxpro Databases\dewitt (UPDATE).accdb
4762de4bb7c488f64eb54e63a725bbe9,.accdb,ellisburg_2007-07-24 (UPDATE).accdb,X:\CRSP Databases\Foxpro Databases,X:\CRSP Databases\Foxpro Databases\ellisburg_2007-07-24 (UPDATE).accdb
d5e3799b9a56270b07bcdd465367c1b2,.accdb,Foxpro Databases (UPDATE).accdb,X:\CRSP Databases\Foxpro Databases,X:\CRSP Databases\Foxpro Databases\Foxpro Databases (UPDATE).accdb
98932d15f951ccfefdc969cf80303972,.accdb,hinmanville2 (UPDATE).accdb,X:\CRSP Databases\Foxpro Databases,X:\CRSP Databases\Foxpro Databases\hinmanville2 (UPDATE).accdb
b17b66e1e0506c52493a1b2b82ead9b1,.accdb,Judd Road (UPDATE).accdb,X:\CRSP Databases\Foxpro Databases,X:\CRSP Databases\Foxpro Databases\Judd Road (UPDATE).accdb
757ac5a5f303c2c8f2cf7be59816fd44,.accdb,Prince-Miller (UPDATE).accdb,X:\CRSP Databases\Foxpro Databases,X:\CRSP Databases\Foxpro Databases\Prince-Miller (UPDATE).accdb
2585d6169a56ad39aa9b4fa9cfc93289,.accdb,rensselaerville (UPDATE).accdb,X:\CRSP Databases\Foxpro Databases,X:\CRSP Databases\Foxpro Databases\rensselaerville (UPDATE).accdb
2e8ffd2f179dd7b45c5c3b4ee0c2cb21,.accdb,HRVG - Knox Cannon Trail - Hague (08-09).accdb,X:\CRSP Databases\Hudson River Valley Greenway,X:\CRSP Databases\Hudson River Valley Greenway\HRVG - Knox Cannon Trail - Hague (08-09).accdb
4b535fb2f1f31d89b0a420de9bd33909,.accdb,OGS 41704 Fishkill Correctional Facility (08-10).accdb,X:\CRSP Databases\O G S,X:\CRSP Databases\O G S\OGS 41704 Fishkill Correctional Facility (08-10).accdb
c3c4dc6434f79bb04890816098f09534,.accdb,OGS 43387-Great Meadow Correction Facility (05-11).accdb,X:\CRSP Databases\O G S,X:\CRSP Databases\O G S\OGS 43387-Great Meadow Correction Facility (05-11).accdb
1a68f32cca929c1ea5caa09d340406c5,.accdb,OGS 43475 Willard Sewer Repair (12-10).accdb,X:\CRSP Databases\O G S,X:\CRSP Databases\O G S\OGS 43475 Willard Sewer Repair (12-10).accdb
69389695a7c685cc3fd6f9f89ca01979,.accdb,OGS 43490-Troop F Headquarters (11-10).accdb,X:\CRSP Databases\O G S,X:\CRSP Databases\O G S\OGS 43490-Troop F Headquarters (11-10).accdb
0a378ea818f39f0d6591f02345d764a1,.accdb,OGS 45879 Norfolk.accdb,X:\CRSP Databases\O G S,X:\CRSP Databases\O G S\OGS 45879 Norfolk.accdb
5ee39d7aa63bba007642ec53cfd5c65a,.accdb,OGS Dunkirk (10-2018).accdb,X:\CRSP Databases\O G S,X:\CRSP Databases\O G S\OGS Dunkirk (10-2018).accdb
c9b48c749f3846b254f34ab87031a576,.accdb,OGS Groveland (4-2018).accdb,X:\CRSP Databases\O G S,X:\CRSP Databases\O G S\OGS Groveland (4-2018).accdb
031ca6320007d2249952e6f1c7182e55,.accdb,OGS Hastings.accdb,X:\CRSP Databases\O G S,X:\CRSP Databases\O G S\OGS Hastings.accdb
50cdb46375fef07bcd41c80431dba83c,.accdb,OGS SC307 Chatham Barracks.accdb,X:\CRSP Databases\O G S,X:\CRSP Databases\O G S\OGS SC307 Chatham Barracks.accdb
2551dd1615a3b710f70887117c302854,.accdb,OGS 36622-Mills-Norrie Waterline (1999) (UPDATE).accdb,X:\CRSP Databases\O G S\Pre-2010 Databases,X:\CRSP Databases\O G S\Pre-2010 Databases\OGS 36622-Mills-Norrie Waterline (1999) (UPDATE).accdb
b8bfe9d01eee8e352dd23747675151ba,.accdb,OGS 36622-Mills-Norrie Waterline Addendum (2001) (UPDATE).accdb,X:\CRSP Databases\O G S\Pre-2010 Databases,X:\CRSP Databases\O G S\Pre-2010 Databases\OGS 36622-Mills-Norrie Waterline Addendum (2001) (UPDATE).accdb
e69f35f1965d100bb7e4499bb4d35b51,.accdb,OGS 40469-Alder Creek-10-99 (UPDATE).accdb,X:\CRSP Databases\O G S\Pre-2010 Databases,X:\CRSP Databases\O G S\Pre-2010 Databases\OGS 40469-Alder Creek-10-99 (UPDATE).accdb
769c8923d8a070f81aeaf99bc3a2ce02,.accdb,OGS 40520-North Collins 11-99 (UPDATE).accdb,X:\CRSP Databases\O G S\Pre-2010 Databases,X:\CRSP Databases\O G S\Pre-2010 Databases\OGS 40520-North Collins 11-99 (UPDATE).accdb
9800d7933ca9708188b995937e694b4d,.accdb,OGS 40684-Adirondack Residential Center (2001) (UPDATE).accdb,X:\CRSP Databases\O G S\Pre-2010 Databases,X:\CRSP Databases\O G S\Pre-2010 Databases\OGS 40684-Adirondack Residential Center (2001) (UPDATE).accdb
5d91379b5a597bae65b379a9e4fd039d,.accdb,OGS 40711 Groveland-11-99 (UPDATE).accdb,X:\CRSP Databases\O G S\Pre-2010 Databases,X:\CRSP Databases\O G S\Pre-2010 Databases\OGS 40711 Groveland-11-99 (UPDATE).accdb
c72d378007554d5e1dfd7b4ea84739d6,.accdb,OGS 40797-S6568-Painted Post (1998).accdb,X:\CRSP Databases\O G S\Pre-2010 Databases,X:\CRSP Databases\O G S\Pre-2010 Databases\OGS 40797-S6568-Painted Post (1998).accdb
551d77304d7b51814f52021a7d6c33b2,.accdb,OGS 41103 Thendara Herreshoff-Arnold House (2003) FINAL DATABASE (UPDATE).accdb,X:\CRSP Databases\O G S\Pre-2010 Databases,X:\CRSP Databases\O G S\Pre-2010 Databases\OGS 41103 Thendara Herreshoff-Arnold House (2003) FINAL DATABASE (UPDATE).accdb
d8dcf9b5ea4e1f6fbed6670cb3c78af6,.accdb,OGS 41103-Thendara Herreshoff-Arnold House Survey (2003) (UPDATE).accdb,X:\CRSP Databases\O G S\Pre-2010 Databases,X:\CRSP Databases\O G S\Pre-2010 Databases\OGS 41103-Thendara Herreshoff-Arnold House Survey (2003) (UPDATE).accdb
e8aff5c35c9419f9fd910ed7e0664ff6,.accdb,OGS 41135 Millwood Greenhouse Site artifacts only for accessioning (2015).accdb,X:\CRSP Databases\O G S\Pre-2010 Databases,X:\CRSP Databases\O G S\Pre-2010 Databases\OGS 41135 Millwood Greenhouse Site artifacts only for accessioning (2015).accdb
08ee259d705e6a821baa4ed48f1ce90b,.accdb,OGS 41135-Millwood Maint Subheadquarters (2001) (UPDATE).accdb,X:\CRSP Databases\O G S\Pre-2010 Databases,X:\CRSP Databases\O G S\Pre-2010 Databases\OGS 41135-Millwood Maint Subheadquarters (2001) (UPDATE).accdb
7a167836a590a828e7a9cf734a576554,.accdb,OGS 41136-C Springfield (9-03) STP Data.accdb,X:\CRSP Databases\O G S\Pre-2010 Databases,X:\CRSP Databases\O G S\Pre-2010 Databases\OGS 41136-C Springfield (9-03) STP Data.accdb
074d1449e4fc57c17acac249f3abf064,.accdb,OGS 41136-C Springfield (9-03).accdb,X:\CRSP Databases\O G S\Pre-2010 Databases,X:\CRSP Databases\O G S\Pre-2010 Databases\OGS 41136-C Springfield (9-03).accdb
949bc4ef09d076c95f827489e871bab9,.accdb,OGS 41140-Wyoming-03-00 (UPDATE).accdb,X:\CRSP Databases\O G S\Pre-2010 Databases,X:\CRSP Databases\O G S\Pre-2010 Databases\OGS 41140-Wyoming-03-00 (UPDATE).accdb
97fec15047dc0ea9048f208c1b0387c1,.accdb,OGS 41207-MacCormick Secure Center (2001) (UPDATE).accdb,X:\CRSP Databases\O G S\Pre-2010 Databases,X:\CRSP Databases\O G S\Pre-2010 Databases\OGS 41207-MacCormick Secure Center (2001) (UPDATE).accdb
f673d82879cb343a3f4d7c5904ab62ea,.accdb,OGS 41238-Helen Hayes Hospital (2000) (UPDATE).accdb,X:\CRSP Databases\O G S\Pre-2010 Databases,X:\CRSP Databases\O G S\Pre-2010 Databases\OGS 41238-Helen Hayes Hospital (2000) (UPDATE).accdb
fd2ec4182b42902809c6106eac705679,.accdb,OGS 41238b-Helen Hayes Hospital Addendum (2000) (UPDATE).accdb,X:\CRSP Databases\O G S\Pre-2010 Databases,X:\CRSP Databases\O G S\Pre-2010 Databases\OGS 41238b-Helen Hayes Hospital Addendum (2000) (UPDATE).accdb
2a2482784bdaa632806ff8a08f3386cb,.accdb,OGS Garage-7-99 (UPDATE).accdb,X:\CRSP Databases\O G S\Pre-2010 Databases,X:\CRSP Databases\O G S\Pre-2010 Databases\OGS Garage-7-99 (UPDATE).accdb
e3b30ae4772ce5d00bf522af5fef834a,.accdb,OGS Q0671-Hudson River Psych Center-03-00 (UPDATE).accdb,X:\CRSP Databases\O G S\Pre-2010 Databases,X:\CRSP Databases\O G S\Pre-2010 Databases\OGS Q0671-Hudson River Psych Center-03-00 (UPDATE).accdb
12109883a4970bd42981e6bdc683660f,.accdb,OGS Q0694-Hudson River Psych Center Road-08-00 (UPDATE).accdb,X:\CRSP Databases\O G S\Pre-2010 Databases,X:\CRSP Databases\O G S\Pre-2010 Databases\OGS Q0694-Hudson River Psych Center Road-08-00 (UPDATE).accdb
f62b44f01c6a4115bd7d599bf007f578,.accdb,OGS S6179 Coxsackie Reservoir (2000) (Accession Database).accdb,X:\CRSP Databases\O G S\Pre-2010 Databases,X:\CRSP Databases\O G S\Pre-2010 Databases\OGS S6179 Coxsackie Reservoir (2000) (Accession Database).accdb
1c130f989c05770102347d84015dc82f,.accdb,OGS S6179-Coxsackie Reservoir (2000) (UPDATE).accdb,X:\CRSP Databases\O G S\Pre-2010 Databases,X:\CRSP Databases\O G S\Pre-2010 Databases\OGS S6179-Coxsackie Reservoir (2000) (UPDATE).accdb
fedd69fbda9c7807290806e135ececfa,.accdb,OGS S7202-Greenhaven-01-00 (UPDATE).accdb,X:\CRSP Databases\O G S\Pre-2010 Databases,X:\CRSP Databases\O G S\Pre-2010 Databases\OGS S7202-Greenhaven-01-00 (UPDATE).accdb
22b85cad4019c59be8869292622b4d46,.accdb,OGS S8870-Old Westbury (2002) (UPDATE).accdb,X:\CRSP Databases\O G S\Pre-2010 Databases,X:\CRSP Databases\O G S\Pre-2010 Databases\OGS S8870-Old Westbury (2002) (UPDATE).accdb
7f58fcba8e3d5cb5ddc3bfc92db539e2,.accdb,1007.16.101 Route 144 Over Hannacrois (7-16).accdb,X:\CRSP Databases\Region 01,X:\CRSP Databases\Region 01\1007.16.101 Route 144 Over Hannacrois (7-16).accdb
2abdefff700983154330d20b4b28fb28,.accdb,"1007.16.101 SE of Coeyman-Bronk House Site, T of Coeyman (4-2019).accdb",X:\CRSP Databases\Region 01,"X:\CRSP Databases\Region 01\1007.16.101 SE of Coeyman-Bronk House Site, T of Coeyman (4-2019).accdb"
9be593ce6aae2387beda7260444d2275,.accdb,1013.11.101 Lexington (01-15).accdb,X:\CRSP Databases\Region 01,X:\CRSP Databases\Region 01\1013.11.101 Lexington (01-15).accdb
65cfca9bf9b6a2f138b5d96cb01437c3,.accdb,1024.09.121 Kingsbury (05-2018).accdb,X:\CRSP Databases\Region 01,X:\CRSP Databases\Region 01\1024.09.121 Kingsbury (05-2018).accdb
a23800612bab45a031ac596c51e77974,.accdb,1043.34.101 Rensselaer (01-2016).accdb,X:\CRSP Databases\Region 01,X:\CRSP Databases\Region 01\1043.34.101 Rensselaer (01-2016).accdb
0d42d0add7bd1480b552493ad8cb50e4,.accdb,1043.38.101 Moreau (9-2010).accdb,X:\CRSP Databases\Region 01,X:\CRSP Databases\Region 01\1043.38.101 Moreau (9-2010).accdb
3d1b69aa22e122ccadf607cd481e5ce5,.accdb,1043.44.101 Schroon River (8-2012).accdb,X:\CRSP Databases\Region 01,X:\CRSP Databases\Region 01\1043.44.101 Schroon River (8-2012).accdb
0f3d7bcd934d836c65bf161b196a0a7f,.accdb,1043.50.101 US 9 and 32 Insect.accdb,X:\CRSP Databases\Region 01,X:\CRSP Databases\Region 01\1043.50.101 US 9 and 32 Insect.accdb
c752691aa6fe1a1877abe5b46f6a220a,.accdb,1043.54.101 Pottersville Trout Brook (11-11).accdb,X:\CRSP Databases\Region 01,X:\CRSP Databases\Region 01\1043.54.101 Pottersville Trout Brook (11-11).accdb
dbf83ace175e202e018f4e06c9170e33,.accdb,1085.39.121 NY Rte 146 (10-10).accdb,X:\CRSP Databases\Region 01,X:\CRSP Databases\Region 01\1085.39.121 NY Rte 146 (10-10).accdb
c2448ccf2bd6209efe0992ffee07e265,.accdb,1085.46.101 Rte 146 over Normanskill (05-2021).accdb,X:\CRSP Databases\Region 01,X:\CRSP Databases\Region 01\1085.46.101 Rte 146 over Normanskill (05-2021).accdb
88becba37027310aedc8a1f4a3489040,.accdb,1089.61 Hudson Falls Rt. 4 Monitoring (6-2013).accdb,X:\CRSP Databases\Region 01,X:\CRSP Databases\Region 01\1089.61 Hudson Falls Rt. 4 Monitoring (6-2013).accdb
2a94f4275fe30194a7745406f8f7483b,.accdb,1089.61.101 Hudson Falls Rte 4 Addendum (11-10).accdb,X:\CRSP Databases\Region 01,X:\CRSP Databases\Region 01\1089.61.101 Hudson Falls Rte 4 Addendum (11-10).accdb
9d0003c665cb73d2e77fd4657badc420,.accdb,1089.70.101 Bemis Heights (Redone version 2011).accdb,X:\CRSP Databases\Region 01,X:\CRSP Databases\Region 01\1089.70.101 Bemis Heights (Redone version 2011).accdb
05e173364f19e0bf5411731a1b27e346,.accdb,1089.72.101 Fort Ann (06-12).accdb,X:\CRSP Databases\Region 01,X:\CRSP Databases\Region 01\1089.72.101 Fort Ann (06-12).accdb
ee254b4fecccc2ca7db471281db46279,.accdb,1089.72.101 Fort Ann (Site Exam) (09-13).accdb,X:\CRSP Databases\Region 01,X:\CRSP Databases\Region 01\1089.72.101 Fort Ann (Site Exam) (09-13).accdb
72cfe8a722e6de993bf69bda7138d31d,.accdb,1116.52.101 Rt 9N over Norton Brook (09-11).accdb,X:\CRSP Databases\Region 01,X:\CRSP Databases\Region 01\1116.52.101 Rt 9N over Norton Brook (09-11).accdb
afe967b40141bc48cbe2abb4653820f6,.accdb,1120.52.101 Ashland Slope Failure (08-11).accdb,X:\CRSP Databases\Region 01,X:\CRSP Databases\Region 01\1120.52.101 Ashland Slope Failure (08-11).accdb
5f77657ce1da9952db5cff120d77f187,.accdb,"1130.69 Site Exam for 11714, 11716, 11717 (8-10).accdb",X:\CRSP Databases\Region 01,"X:\CRSP Databases\Region 01\1130.69 Site Exam for 11714, 11716, 11717 (8-10).accdb"
2e8aca4f44b808834a5b6900ffdcc202,.accdb,1161.19.101 Wilmington (02-13).accdb,X:\CRSP Databases\Region 01,X:\CRSP Databases\Region 01\1161.19.101 Wilmington (02-13).accdb
054ff096fea09da5c841816ac5cc78ab,.accdb,"1188.21.122 Rte 67 and 9, I-87 (1995).accdb",X:\CRSP Databases\Region 01,"X:\CRSP Databases\Region 01\1188.21.122 Rte 67 and 9, I-87 (1995).accdb"
e63c0631c1ccff8a986fa0eedccce103,.accdb,1188.36.101 Rt 67 over Battenkill RR (11-16) .accdb,X:\CRSP Databases\Region 01,X:\CRSP Databases\Region 01\1188.36.101 Rt 67 over Battenkill RR (11-16) .accdb
a46ba920912c93138212bfe395845bb6,.accdb,1188.36.101 Rt 67 over Battenkill RR Owl Kill Site Exam (06-17).accdb,X:\CRSP Databases\Region 01,X:\CRSP Databases\Region 01\1188.36.101 Rt 67 over Battenkill RR Owl Kill Site Exam (06-17).accdb
a6e63c3553eaa7e4d2ee293ef3b8d29f,.accdb,1223.16.101 Rt 28N over the Hudson (12-11).accdb,X:\CRSP Databases\Region 01,X:\CRSP Databases\Region 01\1223.16.101 Rt 28N over the Hudson (12-11).accdb
89b121bf3271ffc16e324b2f76ba6f06,.accdb,1236.27.101 Rt. 29 over Battenkill Creek (7-2016).accdb,X:\CRSP Databases\Region 01,X:\CRSP Databases\Region 01\1236.27.101 Rt. 29 over Battenkill Creek (7-2016).accdb
57ba6778bfedab70970231cb0e0cfc1d,.accdb,1335.18.121 Schaghiticoke I and II Add (10-11) CULLED DATABASE.accdb,X:\CRSP Databases\Region 01,X:\CRSP Databases\Region 01\1335.18.121 Schaghiticoke I and II Add (10-11) CULLED DATABASE.accdb
7cb730e571d363cf3c6cefd18a493dce,.accdb,1335.18.121 Schaghiticoke I and II Add (10-11).accdb,X:\CRSP Databases\Region 01,X:\CRSP Databases\Region 01\1335.18.121 Schaghiticoke I and II Add (10-11).accdb
2b414cd8cfb2fedc9eeb3e11676656f2,.accdb,1357.13.121 Princetown-Addendum to CR 66 (08-11).accdb,X:\CRSP Databases\Region 01,X:\CRSP Databases\Region 01\1357.13.121 Princetown-Addendum to CR 66 (08-11).accdb
41b6605a7085b896997a8c6805171242,.accdb,1383.38.101 Owls Head Road Rt. 73 (08-11).accdb,X:\CRSP Databases\Region 01,X:\CRSP Databases\Region 01\1383.38.101 Owls Head Road Rt. 73 (08-11).accdb
3edc034ea68fa3d6eafa8f122e294980,.accdb,1460.31.101 New Scotland 1993 (2016 Update DB).accdb,X:\CRSP Databases\Region 01,X:\CRSP Databases\Region 01\1460.31.101 New Scotland 1993 (2016 Update DB).accdb
d8eef82da0d0c5591aae3ed1f31f7b1b,.accdb,"1721.51.121 Engels Farms Site, Colonie (6-2015).accdb",X:\CRSP Databases\Region 01,"X:\CRSP Databases\Region 01\1721.51.121 Engels Farms Site, Colonie (6-2015).accdb"
924913905faaf03cdac56afaf5d3ec99,.accdb,1722.43.101 Queensbury Welcome Center (09-16).accdb,X:\CRSP Databases\Region 01,X:\CRSP Databases\Region 01\1722.43.101 Queensbury Welcome Center (09-16).accdb
4a4155d0551d726f12332718f2a39b68,.accdb,1722.49.101 I-87 Exit 18 ADK Welcome Center (09-2016).accdb,X:\CRSP Databases\Region 01,X:\CRSP Databases\Region 01\1722.49.101 I-87 Exit 18 ADK Welcome Center (09-2016).accdb
2abd0b618aba3ba9bc9c4df3b5ea7374,.accdb,1753.63.121 Batchellerville-The Carpenter Site (07-12).accdb,X:\CRSP Databases\Region 01,X:\CRSP Databases\Region 01\1753.63.121 Batchellerville-The Carpenter Site (07-12).accdb
be09607d2cd833d07ab10f6eb80040bc,.accdb,1753.63.121 Batchellerville-The Conkling Site (05-12).accdb,X:\CRSP Databases\Region 01,X:\CRSP Databases\Region 01\1753.63.121 Batchellerville-The Conkling Site (05-12).accdb
88f7e0c2a25842d4cb2e4f8f7cb4f3db,.accdb,1753.63.121 Batchellerville-The Perry & Conkling Sites Combined (01-11).accdb,X:\CRSP Databases\Region 01,X:\CRSP Databases\Region 01\1753.63.121 Batchellerville-The Perry & Conkling Sites Combined (01-11).accdb
faf5e0c381a678346b6d18cd571b5731,.accdb,1804.42.123 Rt 914 V Glenridge Rd (06-10).accdb,X:\CRSP Databases\Region 01,X:\CRSP Databases\Region 01\1804.42.123 Rt 914 V Glenridge Rd (06-10).accdb
caa0bc0b46419a5e7b37e34125e10244,.accdb,1805.81 Crown Point STP notes (10-11).accdb,X:\CRSP Databases\Region 01,X:\CRSP Databases\Region 01\1805.81 Crown Point STP notes (10-11).accdb
bbacaf7b34e5b2919d8171461c7f1d29,.accdb,1805.81.123 Crown Point (5-10).accdb,X:\CRSP Databases\Region 01,X:\CRSP Databases\Region 01\1805.81.123 Crown Point (5-10).accdb
71edadb31ee06b5045e7e6c2619002ec,.accdb,1807.07.101 Princetown-Pangburn (06-11).accdb,X:\CRSP Databases\Region 01,X:\CRSP Databases\Region 01\1807.07.101 Princetown-Pangburn (06-11).accdb
c3d28b267a22bc2dbfad1a3769d66ba2,.accdb,1807.72.301 Rt 9N & Delorm Ticonderoga (01-10).accdb,X:\CRSP Databases\Region 01,X:\CRSP Databases\Region 01\1807.72.301 Rt 9N & Delorm Ticonderoga (01-10).accdb
df5572ffa20dc6bd071cf1d270b3e68e,.accdb,1808.18.101 Petersburg B (11-12).accdb,X:\CRSP Databases\Region 01,X:\CRSP Databases\Region 01\1808.18.101 Petersburg B (11-12).accdb
72a743adc00759bea0ed153b16d01da5,.accdb,1808.31.101 Halfmoon Slope Failure (12-10).accdb,X:\CRSP Databases\Region 01,X:\CRSP Databases\Region 01\1808.31.101 Halfmoon Slope Failure (12-10).accdb
94b402a8b000cea8eac2e19e3bec8847,.accdb,1808.31.101 Kayaderosseras Creek-Northline (06-11).accdb,X:\CRSP Databases\Region 01,X:\CRSP Databases\Region 01\1808.31.101 Kayaderosseras Creek-Northline (06-11).accdb
aea5491cf4d1a1630d27bf9183655a89,.accdb,1808.31.101 Saratoga Springs Kayaderosseras Creek (12-10).accdb,X:\CRSP Databases\Region 01,X:\CRSP Databases\Region 01\1808.31.101 Saratoga Springs Kayaderosseras Creek (12-10).accdb
42d2072a6914f02f98f8db2509b58fb2,.accdb,1808.32.101 Rt. 22 Slope failure (05-10).accdb,X:\CRSP Databases\Region 01,X:\CRSP Databases\Region 01\1808.32.101 Rt. 22 Slope failure (05-10).accdb
1d1c36a8d36aa6ee28c4da4b46602720,.accdb,1808.63.101 Ashland Culvert Repair (08-10).accdb,X:\CRSP Databases\Region 01,X:\CRSP Databases\Region 01\1808.63.101 Ashland Culvert Repair (08-10).accdb
fe7e171e6e87cc813f774c72e4c78780,.accdb,1808.64.101 Rt 9N Culverts C170010 and C170011 (01-12).accdb,X:\CRSP Databases\Region 01,X:\CRSP Databases\Region 01\1808.64.101 Rt 9N Culverts C170010 and C170011 (01-12).accdb
7a40cdcc39709af29297a9a2f6aa49ba,.accdb,1808.68.101 DEC Camp Ground Restoration (08-11).accdb,X:\CRSP Databases\Region 01,X:\CRSP Databases\Region 01\1808.68.101 DEC Camp Ground Restoration (08-11).accdb
bdef79969517b386d4fa01c76c089fe3,.accdb,1808.68.321 Crown Point Sidewalk (04-12).accdb,X:\CRSP Databases\Region 01,X:\CRSP Databases\Region 01\1808.68.321 Crown Point Sidewalk (04-12).accdb
4ee5176f6eafd880910414b8c71f40d0,.accdb,1808.92 - Rte. 443 Slope Failure Repair (08-12).accdb,X:\CRSP Databases\Region 01,X:\CRSP Databases\Region 01\1808.92 - Rte. 443 Slope Failure Repair (08-12).accdb
1e94a7c809df9780b2479384d95ed309,.accdb,1809.39.101 Bloomingdale Culvert Repair (12-2014).accdb,X:\CRSP Databases\Region 01,X:\CRSP Databases\Region 01\1809.39.101 Bloomingdale Culvert Repair (12-2014).accdb
aab3f47be92fa6c7981bf61e4fe044bd,.accdb,1809.39.101 Bloomingdale [artifacts only] (12-2014).accdb,X:\CRSP Databases\Region 01,X:\CRSP Databases\Region 01\1809.39.101 Bloomingdale [artifacts only] (12-2014).accdb
dba54358294963c9fd0d57389cec487a,.accdb,1809.46.101 Rte. 9 Pedestrian Improvement (12-12).accdb,X:\CRSP Databases\Region 01,X:\CRSP Databases\Region 01\1809.46.101 Rte. 9 Pedestrian Improvement (12-12).accdb
a7ebfb2b6c84ad2d4723e0e4c72642fb,.accdb,1810.74.121 Menands Bike Path (11-18).accdb,X:\CRSP Databases\Region 01,X:\CRSP Databases\Region 01\1810.74.121 Menands Bike Path (11-18).accdb
147cd1a066badf0a1e70f65907ab37ab,.accdb,1935.49.171 Livingston Ave RR Bridge (09-10).accdb,X:\CRSP Databases\Region 01,X:\CRSP Databases\Region 01\1935.49.171 Livingston Ave RR Bridge (09-10).accdb
0e9105a6b0db7f8011c092569921947c,.accdb,1941.23.101 Rt 4 over Champlain Canal (11-11).accdb,X:\CRSP Databases\Region 01,X:\CRSP Databases\Region 01\1941.23.101 Rt 4 over Champlain Canal (11-11).accdb
054b7f7a25343ffe3a0a04a1edaeb12f,.accdb,1BOW.00.101 Prattsville (10-2014).accdb,X:\CRSP Databases\Region 01,X:\CRSP Databases\Region 01\1BOW.00.101 Prattsville (10-2014).accdb
ebfe2a370eb9d1a77377830d9030c75d,.accdb,1EST.02 Pattersonville (04-18).accdb,X:\CRSP Databases\Region 01,X:\CRSP Databases\Region 01\1EST.02 Pattersonville (04-18).accdb
e3ce8af5b8339c85504d7443e1b3bfe7,.accdb,1EST.03 Rotterdam Junction (4-2108).accdb,X:\CRSP Databases\Region 01,X:\CRSP Databases\Region 01\1EST.03 Rotterdam Junction (4-2108).accdb
da3c8787442e7c20a8c103a289163bbb,.accdb,"1EST.04.101 Quarry Rd Empire State Trail, T of Fort Ann, Washington Co (5-2019).accdb",X:\CRSP Databases\Region 01,"X:\CRSP Databases\Region 01\1EST.04.101 Quarry Rd Empire State Trail, T of Fort Ann, Washington Co (5-2019).accdb"
0a8dabfc8413353b31368c1bb461c907,.accdb,1001.18.101 Petersburg Rt. 2 (2004).accdb,X:\CRSP Databases\Region 01\Pre-2010 Databases,X:\CRSP Databases\Region 01\Pre-2010 Databases\1001.18.101 Petersburg Rt. 2 (2004).accdb
0f19e73de385ae2ca70d82bf64564d52,.accdb,1001.28.121 NY 2 Eagle Mills Addendum (2004).accdb,X:\CRSP Databases\Region 01\Pre-2010 Databases,X:\CRSP Databases\Region 01\Pre-2010 Databases\1001.28.121 NY 2 Eagle Mills Addendum (2004).accdb
f34bae95458c27fa0aac80f18f61cd5d,.accdb,1001.28.121 Postenkill (2003) (UPDATE).accdb,X:\CRSP Databases\Region 01\Pre-2010 Databases,X:\CRSP Databases\Region 01\Pre-2010 Databases\1001.28.121 Postenkill (2003) (UPDATE).accdb
be7f9a7c07a8acd5410f2231334b524c,.accdb,1001.28.121 Rt. 2 Postenkill Addendum II (12-04).accdb,X:\CRSP Databases\Region 01\Pre-2010 Databases,X:\CRSP Databases\Region 01\Pre-2010 Databases\1001.28.121 Rt. 2 Postenkill Addendum II (12-04).accdb
d18f6c659bc862128299ac37de2c1b3a,.accdb,1004.05.101 Kenwood Ave (10-02) (UPDATE).accdb,X:\CRSP Databases\Region 01\Pre-2010 Databases,X:\CRSP Databases\Region 01\Pre-2010 Databases\1004.05.101 Kenwood Ave (10-02) (UPDATE).accdb
61b9756848747b7e601d9212db037f2f,.accdb,1004.05.101 Kenwood Ave (5-03) (UPDATE).accdb,X:\CRSP Databases\Region 01\Pre-2010 Databases,X:\CRSP Databases\Region 01\Pre-2010 Databases\1004.05.101 Kenwood Ave (5-03) (UPDATE).accdb
4acbfda72ec5a36892411fc47d85ec9c,.accdb,1006.07.101 Rte. 143 Coeymans (5-06).accdb,X:\CRSP Databases\Region 01\Pre-2010 Databases,X:\CRSP Databases\Region 01\Pre-2010 Databases\1006.07.101 Rte. 143 Coeymans (5-06).accdb
e8dad97d3d7af252489d57d1b0549cb1,.accdb,1006.07.102 Coeymans (10-01) (UPDATE).accdb,X:\CRSP Databases\Region 01\Pre-2010 Databases,X:\CRSP Databases\Region 01\Pre-2010 Databases\1006.07.102 Coeymans (10-01) (UPDATE).accdb
823f2ae0e5603fae21121938af60a06e,.accdb,1006.07.121 Coeymans - Rte. 143 - 11-06.accdb,X:\CRSP Databases\Region 01\Pre-2010 Databases,X:\CRSP Databases\Region 01\Pre-2010 Databases\1006.07.121 Coeymans - Rte. 143 - 11-06.accdb
b651d276d5b8d8b8c4213a071f32f3a6,.accdb,1011.11.101 Durham Bowery Creek Catalog (2000) (UPDATE).accdb,X:\CRSP Databases\Region 01\Pre-2010 Databases,X:\CRSP Databases\Region 01\Pre-2010 Databases\1011.11.101 Durham Bowery Creek Catalog (2000) (UPDATE).accdb
5e18dec20a9726f9484dd3b552151842,.accdb,1018.07.121 Johnsburg (Roblee and Moore Sites) 2001 (UPDATE).accdb,X:\CRSP Databases\Region 01\Pre-2010 Databases,X:\CRSP Databases\Region 01\Pre-2010 Databases\1018.07.121 Johnsburg (Roblee and Moore Sites) 2001 (UPDATE).accdb
0bc18c4c6bac2abe6037bdf7d57b9348,.accdb,1018.09.121 The Glen FINAL DATABASE (2002) (UPDATE).accdb,X:\CRSP Databases\Region 01\Pre-2010 Databases,X:\CRSP Databases\Region 01\Pre-2010 Databases\1018.09.121 The Glen FINAL DATABASE (2002) (UPDATE).accdb
2229c252ffa9ae130f7f592354f59b82,.accdb,1018.09.121 The Glen Site Exam-1-01 (UPDATE).accdb,X:\CRSP Databases\Region 01\Pre-2010 Databases,X:\CRSP Databases\Region 01\Pre-2010 Databases\1018.09.121 The Glen Site Exam-1-01 (UPDATE).accdb
83d416d44ebc13416a3b754bfe764dac,.accdb,1018.09.121 The Glen Survey-8-99 (UPDATE).accdb,X:\CRSP Databases\Region 01\Pre-2010 Databases,X:\CRSP Databases\Region 01\Pre-2010 Databases\1018.09.121 The Glen Survey-8-99 (UPDATE).accdb
8db23d5742a13f2efdd4f48020ad2085,.accdb,1024.07.121 Rte 196 Glen Falls Feeder Canal (12-07).accdb,X:\CRSP Databases\Region 01\Pre-2010 Databases,X:\CRSP Databases\Region 01\Pre-2010 Databases\1024.07.121 Rte 196 Glen Falls Feeder Canal (12-07).accdb
46eb883716191f84717b348e103c7ee4,.accdb,1025.10.121 Ft Edward Rte 197 Bridge over East Branch (8-05).accdb,X:\CRSP Databases\Region 01\Pre-2010 Databases,X:\CRSP Databases\Region 01\Pre-2010 Databases\1025.10.121 Ft Edward Rte 197 Bridge over East Branch (8-05).accdb
0cd08f27f7b287ee6de117ca0cb1f7b2,.accdb,1036.01.101 Rte 351 over Poestenkill (5-03) (UPDATE).accdb,X:\CRSP Databases\Region 01\Pre-2010 Databases,X:\CRSP Databases\Region 01\Pre-2010 Databases\1036.01.101 Rte 351 over Poestenkill (5-03) (UPDATE).accdb
48266e36c2a23c46eaf02c387416ddce,.accdb,1041.04.101 SPDES Site 1 (11-07).accdb,X:\CRSP Databases\Region 01\Pre-2010 Databases,X:\CRSP Databases\Region 01\Pre-2010 Databases\1041.04.101 SPDES Site 1 (11-07).accdb
ef1028504abab5131587eb75f29c1b59,.accdb,1041.04.102 Greenwich (9-02) (UPDATE).accdb,X:\CRSP Databases\Region 01\Pre-2010 Databases,X:\CRSP Databases\Region 01\Pre-2010 Databases\1041.04.102 Greenwich (9-02) (UPDATE).accdb
448f67c3ce5cd036aeb5b2fd2e1e02a8,.accdb,1041.04.102 Greenwich Rt. 372 - 10-04.accdb,X:\CRSP Databases\Region 01\Pre-2010 Databases,X:\CRSP Databases\Region 01\Pre-2010 Databases\1041.04.102 Greenwich Rt. 372 - 10-04.accdb
75a2587403f1f2ee3704c8feae63fe71,.accdb,1043.15.121 East Greenbush (8-02) (UPDATE).accdb,X:\CRSP Databases\Region 01\Pre-2010 Databases,X:\CRSP Databases\Region 01\Pre-2010 Databases\1043.15.121 East Greenbush (8-02) (UPDATE).accdb
2832f1615f2000265583553d746f4003,.accdb,1043.19.121 Crescent (2000) (UPDATE).accdb,X:\CRSP Databases\Region 01\Pre-2010 Databases,X:\CRSP Databases\Region 01\Pre-2010 Databases\1043.19.121 Crescent (2000) (UPDATE).accdb
27215771ba895d894f436e7451bd5199,.accdb,1043.20.101 S-spa-07-98 (UPDATE).accdb,X:\CRSP Databases\Region 01\Pre-2010 Databases,X:\CRSP Databases\Region 01\Pre-2010 Databases\1043.20.101 S-spa-07-98 (UPDATE).accdb
f46819e977f6c32886030be89622e1f2,.accdb,1043.20.101 Saratoga ACCESSION VERSION.accdb,X:\CRSP Databases\Region 01\Pre-2010 Databases,X:\CRSP Databases\Region 01\Pre-2010 Databases\1043.20.101 Saratoga ACCESSION VERSION.accdb
8bcb2efcf95a5ddfdc7e1f8379ae3c3b,.accdb,1043.20.121 Saratoga-07-98 (UPDATE).accdb,X:\CRSP Databases\Region 01\Pre-2010 Databases,X:\CRSP Databases\Region 01\Pre-2010 Databases\1043.20.121 Saratoga-07-98 (UPDATE).accdb
ea740b60385b3085d35313908b297934,.accdb,1043.22.121 Keeseville 05-05.accdb,X:\CRSP Databases\Region 01\Pre-2010 Databases,X:\CRSP Databases\Region 01\Pre-2010 Databases\1043.22.121 Keeseville 05-05.accdb
6fb24ccee6509f1b280412bfc1126299,.accdb,1043.51.101 Stonebreak Road -11-07.accdb,X:\CRSP Databases\Region 01\Pre-2010 Databases,X:\CRSP Databases\Region 01\Pre-2010 Databases\1043.51.101 Stonebreak Road -11-07.accdb
87a66a670afeab83e6ad7eba5436e83b,.accdb,1043.52.101 Spier Falls Rd. (10-2008).accdb,X:\CRSP Databases\Region 01\Pre-2010 Databases,X:\CRSP Databases\Region 01\Pre-2010 Databases\1043.52.101 Spier Falls Rd. (10-2008).accdb
d9176e2e75d38048615353434f67e039,.accdb,1046.13.101 385 over Murder's Creek (7-00) (UPDATE).accdb,X:\CRSP Databases\Region 01\Pre-2010 Databases,X:\CRSP Databases\Region 01\Pre-2010 Databases\1046.13.101 385 over Murder's Creek (7-00) (UPDATE).accdb
374e4599cce3534bc750626468c15b9c,.accdb,1056.17.101 Riparius (1996).accdb,X:\CRSP Databases\Region 01\Pre-2010 Databases,X:\CRSP Databases\Region 01\Pre-2010 Databases\1056.17.101 Riparius (1996).accdb
b4d08a81122eea42dd1197916d5be098,.accdb,1056.17.101 Riparius-9-98 (UPDATE).accdb,X:\CRSP Databases\Region 01\Pre-2010 Databases,X:\CRSP Databases\Region 01\Pre-2010 Databases\1056.17.101 Riparius-9-98 (UPDATE).accdb
b6f462b0c874f1a56992315b82fdd9a5,.accdb,1085.27.101 Rexford-10-98 (UPDATE).accdb,X:\CRSP Databases\Region 01\Pre-2010 Databases,X:\CRSP Databases\Region 01\Pre-2010 Databases\1085.27.101 Rexford-10-98 (UPDATE).accdb
759a387bd7ed2191597e83addd4a54dc,.accdb,1086.24.101 Horse-Heaven Creek (2003) (UPDATE).accdb,X:\CRSP Databases\Region 01\Pre-2010 Databases,X:\CRSP Databases\Region 01\Pre-2010 Databases\1086.24.101 Horse-Heaven Creek (2003) (UPDATE).accdb
c0d29f09af9a7ef5866da1ff4411099c,.accdb,1089.51.101 Waterford-07-98 mitigation (UPDATE).accdb,X:\CRSP Databases\Region 01\Pre-2010 Databases,X:\CRSP Databases\Region 01\Pre-2010 Databases\1089.51.101 Waterford-07-98 mitigation (UPDATE).accdb
7ede0121ba341ba3fb02b0e566cfb9b0,.accdb,1089.51.101 Waterford-07-98 site exam (UPDATE).accdb,X:\CRSP Databases\Region 01\Pre-2010 Databases,X:\CRSP Databases\Region 01\Pre-2010 Databases\1089.51.101 Waterford-07-98 site exam (UPDATE).accdb
07048d3c861b722302cf44a096427c6c,.accdb,1089.51.101 Waterford-site exam-mitigation-FINAL (1998) (UPDATE).accdb,X:\CRSP Databases\Region 01\Pre-2010 Databases,X:\CRSP Databases\Region 01\Pre-2010 Databases\1089.51.101 Waterford-site exam-mitigation-FINAL (1998) (UPDATE).accdb
f16b72f490224943d65bc72bae762f14,.accdb,1089.54 Rt 4 & 32 (2003).accdb,X:\CRSP Databases\Region 01\Pre-2010 Databases,X:\CRSP Databases\Region 01\Pre-2010 Databases\1089.54 Rt 4 & 32 (2003).accdb
acb354f0cf427b753c6d25e62d57fd84,.accdb,1089.57.121 Fort Edward (8-06) with Photos.accdb,X:\CRSP Databases\Region 01\Pre-2010 Databases,X:\CRSP Databases\Region 01\Pre-2010 Databases\1089.57.121 Fort Edward (8-06) with Photos.accdb
dc335f4fc4be7a6f95f85fc538048260,.accdb,1089.57.121 Fort Edward (8-06).accdb,X:\CRSP Databases\Region 01\Pre-2010 Databases,X:\CRSP Databases\Region 01\Pre-2010 Databases\1089.57.121 Fort Edward (8-06).accdb
f715f9c573cc4a8aee4eca077ede5864,.accdb,1089.57.121 Ft. Edward Sewerline - 07-05.accdb,X:\CRSP Databases\Region 01\Pre-2010 Databases,X:\CRSP Databases\Region 01\Pre-2010 Databases\1089.57.121 Ft. Edward Sewerline - 07-05.accdb
7244cecf7add853ed549e2f2f91388ba,.accdb,1089.58.101 Schuylerville 5-02 (UPDATE).accdb,X:\CRSP Databases\Region 01\Pre-2010 Databases,X:\CRSP Databases\Region 01\Pre-2010 Databases\1089.58.101 Schuylerville 5-02 (UPDATE).accdb
30a0dafae93d3713bb66371defe4f17a,.accdb,1089.58.101 Schuylerville Addendum 8-02 (UPDATE).accdb,X:\CRSP Databases\Region 01\Pre-2010 Databases,X:\CRSP Databases\Region 01\Pre-2010 Databases\1089.58.101 Schuylerville Addendum 8-02 (UPDATE).accdb
c8c7a008fe95d0a3a41fc109eff2503d,.accdb,1089.61.101 Hudson Fall-Glens Falls Feeder Canal (May 2006).accdb,X:\CRSP Databases\Region 01\Pre-2010 Databases,X:\CRSP Databases\Region 01\Pre-2010 Databases\1089.61.101 Hudson Fall-Glens Falls Feeder Canal (May 2006).accdb
68363ba34f4e38063963952879d229b5,.accdb,1089.62.121 I-90 Connector-Rte.4 (7-03).accdb,X:\CRSP Databases\Region 01\Pre-2010 Databases,X:\CRSP Databases\Region 01\Pre-2010 Databases\1089.62.121 I-90 Connector-Rte.4 (7-03).accdb
b17728ce28ceae400c48b92239e3545f,.accdb,1089.62.121 North Greenbush (7-01) (UPDATE).accdb,X:\CRSP Databases\Region 01\Pre-2010 Databases,X:\CRSP Databases\Region 01\Pre-2010 Databases\1089.62.121 North Greenbush (7-01) (UPDATE).accdb
6910a2340bd6c00d0fe63e520b8c2a54,.accdb,1089.62.121 North Greenbush (7-01) (UPDATE)2.accdb,X:\CRSP Databases\Region 01\Pre-2010 Databases,X:\CRSP Databases\Region 01\Pre-2010 Databases\1089.62.121 North Greenbush (7-01) (UPDATE)2.accdb
ac8e052114f2073f93ee63d15495b171,.accdb,1089.62.121 North Greenbush-I-90 Connector (8-02) (UPDATE).accdb,X:\CRSP Databases\Region 01\Pre-2010 Databases,X:\CRSP Databases\Region 01\Pre-2010 Databases\1089.62.121 North Greenbush-I-90 Connector (8-02) (UPDATE).accdb
8a8e55e70db0f81b8dae354aa2b31dbb,.accdb,1089.62.121 North Greenbush-I-90 Connector (8-02) (UPDATE)2.accdb,X:\CRSP Databases\Region 01\Pre-2010 Databases,X:\CRSP Databases\Region 01\Pre-2010 Databases\1089.62.121 North Greenbush-I-90 Connector (8-02) (UPDATE)2.accdb
79ce674806b0e592b06470ea768f086b,.accdb,1089.70.101 Bemis Heights SITE EXAM & DATA RECOVERY (7-03).accdb,X:\CRSP Databases\Region 01\Pre-2010 Databases,X:\CRSP Databases\Region 01\Pre-2010 Databases\1089.70.101 Bemis Heights SITE EXAM & DATA RECOVERY (7-03).accdb
ce9ebd7c288f6fbaf95f8813e027abc1,.accdb,1089.70.101 Bemis Heights SITE EXAM & DATA RECOVERY (7-03)copy.accdb,X:\CRSP Databases\Region 01\Pre-2010 Databases,X:\CRSP Databases\Region 01\Pre-2010 Databases\1089.70.101 Bemis Heights SITE EXAM & DATA RECOVERY (7-03)copy.accdb
3c3a87ed28bdd4689d4403f01eb766a0,.accdb,1090.12.122 Clarksville-10-98 (UPDATE).accdb,X:\CRSP Databases\Region 01\Pre-2010 Databases,X:\CRSP Databases\Region 01\Pre-2010 Databases\1090.12.122 Clarksville-10-98 (UPDATE).accdb
812ce85776ef9b2766023ccf16df2d41,.accdb,1090.12.122 Van Wie Site (Survey & Site Exam) (1998).accdb,X:\CRSP Databases\Region 01\Pre-2010 Databases,X:\CRSP Databases\Region 01\Pre-2010 Databases\1090.12.122 Van Wie Site (Survey & Site Exam) (1998).accdb
147ead47642298656c301eadd30dc538,.accdb,1096.21.101 RT. 50 Over Indiankill-Glenville 10-05.accdb,X:\CRSP Databases\Region 01\Pre-2010 Databases,X:\CRSP Databases\Region 01\Pre-2010 Databases\1096.21.101 RT. 50 Over Indiankill-Glenville 10-05.accdb
40245f172394cb8f7954974c7eed68b5,.accdb,1097.04.101 Castleton on Hudson (6-01) (UPDATE).accdb,X:\CRSP Databases\Region 01\Pre-2010 Databases,X:\CRSP Databases\Region 01\Pre-2010 Databases\1097.04.101 Castleton on Hudson (6-01) (UPDATE).accdb
e1f5dbf46fa2dd15707e75eb8f8577a2,.accdb,1111.30.101 Nassau (1997).accdb,X:\CRSP Databases\Region 01\Pre-2010 Databases,X:\CRSP Databases\Region 01\Pre-2010 Databases\1111.30.101 Nassau (1997).accdb
fa6df281b45ffb3431ba86d247b07f33,.accdb,1116.41.121 Keene -05-99 (UPDATE).accdb,X:\CRSP Databases\Region 01\Pre-2010 Databases,X:\CRSP Databases\Region 01\Pre-2010 Databases\1116.41.121 Keene -05-99 (UPDATE).accdb
809161dc961a4069b98394b38955dfa1,.accdb,1116.43.121 Hadley-Route 9N (12-06).accdb,X:\CRSP Databases\Region 01\Pre-2010 Databases,X:\CRSP Databases\Region 01\Pre-2010 Databases\1116.43.121 Hadley-Route 9N (12-06).accdb
9d45d76b4fb8bc81b8aadddb6d3191b4,.accdb,1124.30.121 Catskill-05-98 (UPDATE).accdb,X:\CRSP Databases\Region 01\Pre-2010 Databases,X:\CRSP Databases\Region 01\Pre-2010 Databases\1124.30.121 Catskill-05-98 (UPDATE).accdb
18ccf18cc2be45a5770b42cd0ce6ed53,.accdb,1125.20.101 Rensselaerville (2000) (UPDATE).accdb,X:\CRSP Databases\Region 01\Pre-2010 Databases,X:\CRSP Databases\Region 01\Pre-2010 Databases\1125.20.101 Rensselaerville (2000) (UPDATE).accdb
3e9f47bf2f4afe34bd7e3b9dfa8901c1,.accdb,1130.52.101 Rt 22 Fort Ann (7-06).accdb,X:\CRSP Databases\Region 01\Pre-2010 Databases,X:\CRSP Databases\Region 01\Pre-2010 Databases\1130.52.101 Rt 22 Fort Ann (7-06).accdb
4e862996b426443837d9068ec5054554,.accdb,1130.60.101 N. Hoosick (10-02) (UPDATE).accdb,X:\CRSP Databases\Region 01\Pre-2010 Databases,X:\CRSP Databases\Region 01\Pre-2010 Databases\1130.60.101 N. Hoosick (10-02) (UPDATE).accdb
ba1bfe21774be9e318e0b0cf8bec30f7,.accdb,1130.60.101 N. Hoosick Site Exam and DR (8-2008).accdb,X:\CRSP Databases\Region 01\Pre-2010 Databases,X:\CRSP Databases\Region 01\Pre-2010 Databases\1130.60.101 N. Hoosick Site Exam and DR (8-2008).accdb
b83aef5b66036432d4aac9cebc35d20a,.accdb,1132.12.101 Guilderland FINAL DATABSE-8-99 (UPDATE).accdb,X:\CRSP Databases\Region 01\Pre-2010 Databases,X:\CRSP Databases\Region 01\Pre-2010 Databases\1132.12.101 Guilderland FINAL DATABSE-8-99 (UPDATE).accdb
e50dbd8807df15207e3a0c042635dba1,.accdb,1132.12.101 Guilderland Site Exam-8-99 (UPDATE).accdb,X:\CRSP Databases\Region 01\Pre-2010 Databases,X:\CRSP Databases\Region 01\Pre-2010 Databases\1132.12.101 Guilderland Site Exam-8-99 (UPDATE).accdb
01153338d1c86010c9d1e3ea46e11fc8,.accdb,1132.12.101 Guilderland-10-98 (UPDATE).accdb,X:\CRSP Databases\Region 01\Pre-2010 Databases,X:\CRSP Databases\Region 01\Pre-2010 Databases\1132.12.101 Guilderland-10-98 (UPDATE).accdb
b4d34da1f4f720c760c3f6fa4b132e93,.accdb,1188.19.101 Pittstown-Hoosick Rte. 67 Valley Falls to Eagle Br (1996).accdb,X:\CRSP Databases\Region 01\Pre-2010 Databases,X:\CRSP Databases\Region 01\Pre-2010 Databases\1188.19.101 Pittstown-Hoosick Rte. 67 Valley Falls to Eagle Br (1996).accdb
6012d9fc2e439987c734ea25cded830a,.accdb,1188.20 Willow Glen (1994).accdb,X:\CRSP Databases\Region 01\Pre-2010 Databases,X:\CRSP Databases\Region 01\Pre-2010 Databases\1188.20 Willow Glen (1994).accdb
04d85769a70a1649112496a431e951fe,.accdb,1188.21.121 Malta-02-00 STP Notes (UPDATE).accdb,X:\CRSP Databases\Region 01\Pre-2010 Databases,X:\CRSP Databases\Region 01\Pre-2010 Databases\1188.21.121 Malta-02-00 STP Notes (UPDATE).accdb
4d00b674473e90910808e8278cdd457e,.accdb,1188.21.122 Malta - 03-00 (UPDATE).accdb,X:\CRSP Databases\Region 01\Pre-2010 Databases,X:\CRSP Databases\Region 01\Pre-2010 Databases\1188.21.122 Malta - 03-00 (UPDATE).accdb
1a2e52d66ac3aea2ca784db76dacde24,.accdb,1188.21.122 Malta Rte. 67 (8-04).accdb,X:\CRSP Databases\Region 01\Pre-2010 Databases,X:\CRSP Databases\Region 01\Pre-2010 Databases\1188.21.122 Malta Rte. 67 (8-04).accdb
bacaca9d19be16f1cfc6078cf9520ce4,.accdb,1188.27.101 Rte. 67 over Hudson (10-05).accdb,X:\CRSP Databases\Region 01\Pre-2010 Databases,X:\CRSP Databases\Region 01\Pre-2010 Databases\1188.27.101 Rte. 67 over Hudson (10-05).accdb
c0af433ef0b58f2cf10cd7e1047311e8,.accdb,1188.31.101 Ballston Rt. 67.accdb,X:\CRSP Databases\Region 01\Pre-2010 Databases,X:\CRSP Databases\Region 01\Pre-2010 Databases\1188.31.101 Ballston Rt. 67.accdb
eb41d224699cef53342c9a1511c927b9,.accdb,1188.33.101 - Eagle Bridge - 03-07.accdb,X:\CRSP Databases\Region 01\Pre-2010 Databases,X:\CRSP Databases\Region 01\Pre-2010 Databases\1188.33.101 - Eagle Bridge - 03-07.accdb
c910d9499da207aca0a4a3b5f3353ff3,.accdb,1218.04.121 Queensbury.accdb,X:\CRSP Databases\Region 01\Pre-2010 Databases,X:\CRSP Databases\Region 01\Pre-2010 Databases\1218.04.121 Queensbury.accdb
7aa407e82e9fa99d9188b9235fa7bf13,.accdb,1236.13.101 Rockcityfalls-03-98 (UPDATE).accdb,X:\CRSP Databases\Region 01\Pre-2010 Databases,X:\CRSP Databases\Region 01\Pre-2010 Databases\1236.13.101 Rockcityfalls-03-98 (UPDATE).accdb
10f66926c7c104298345d73eed5ef2a0,.accdb,1236.14.101 Milton-11-98 (UPDATE).accdb,X:\CRSP Databases\Region 01\Pre-2010 Databases,X:\CRSP Databases\Region 01\Pre-2010 Databases\1236.14.101 Milton-11-98 (UPDATE).accdb
486a83c18314370164d542cea670036c,.accdb,1236.14.101 Waring Site (Middleline) (2-00) (UPDATE).accdb,X:\CRSP Databases\Region 01\Pre-2010 Databases,X:\CRSP Databases\Region 01\Pre-2010 Databases\1236.14.101 Waring Site (Middleline) (2-00) (UPDATE).accdb
04701afe2bd3d9fb194bda74e119520e,.accdb,"1236.21.101 Black Creek, Rte. 29 (12-08).accdb",X:\CRSP Databases\Region 01\Pre-2010 Databases,"X:\CRSP Databases\Region 01\Pre-2010 Databases\1236.21.101 Black Creek, Rte. 29 (12-08).accdb"
b436b7dcf5e99e3005f5191a544dcfb0,.accdb,1247.08.121 Saratoga Lake 11-04.accdb,X:\CRSP Databases\Region 01\Pre-2010 Databases,X:\CRSP Databases\Region 01\Pre-2010 Databases\1247.08.121 Saratoga Lake 11-04.accdb
74280298bdd5d622b31d7d250b2f328a,.accdb,1247.08.121 SaratogaLake 9P (2005).accdb,X:\CRSP Databases\Region 01\Pre-2010 Databases,X:\CRSP Databases\Region 01\Pre-2010 Databases\1247.08.121 SaratogaLake 9P (2005).accdb
336d5bcb5126963acee9b788a86f7817,.accdb,1248.13.101 Granville (4-04).accdb,X:\CRSP Databases\Region 01\Pre-2010 Databases,X:\CRSP Databases\Region 01\Pre-2010 Databases\1248.13.101 Granville (4-04).accdb
d5ae23774b098a2bfcf3507b952c0241,.accdb,1248.13.101 Rte. 149 over the Mettawee River (9-03).accdb,X:\CRSP Databases\Region 01\Pre-2010 Databases,X:\CRSP Databases\Region 01\Pre-2010 Databases\1248.13.101 Rte. 149 over the Mettawee River (9-03).accdb
3b80fabf49ca365c2132811719112b8f,.accdb,1248.14.121 Queensbury 9L (5-08).accdb,X:\CRSP Databases\Region 01\Pre-2010 Databases,X:\CRSP Databases\Region 01\Pre-2010 Databases\1248.14.121 Queensbury 9L (5-08).accdb
d1434469e772cfcc1da66f5f8d2320da,.accdb,1306.50.121 I-890 Wetlands (6-06).accdb,X:\CRSP Databases\Region 01\Pre-2010 Databases,X:\CRSP Databases\Region 01\Pre-2010 Databases\1306.50.121 I-890 Wetlands (6-06).accdb
a95e9c92064269cb2ec498895aadc1f5,.accdb,1306.61.121 Hoosick.accdb,X:\CRSP Databases\Region 01\Pre-2010 Databases,X:\CRSP Databases\Region 01\Pre-2010 Databases\1306.61.121 Hoosick.accdb
17e72b03548ea00e7dd86f3e292fd016,.accdb,1306.70.101 Pittstown (2003).accdb,X:\CRSP Databases\Region 01\Pre-2010 Databases,X:\CRSP Databases\Region 01\Pre-2010 Databases\1306.70.101 Pittstown (2003).accdb
bc658d4e81e48adaf8d958636cffb179,.accdb,1306.78.101 Rotterdam - Rt. 146 & Rt. 7 - 12-06.accdb,X:\CRSP Databases\Region 01\Pre-2010 Databases,X:\CRSP Databases\Region 01\Pre-2010 Databases\1306.78.101 Rotterdam - Rt. 146 & Rt. 7 - 12-06.accdb
4bfe1e5e339dac01e5c849eb55f06402,.accdb,1306.78.101 Rotterdam - Rt. 146 & Rt. 7 - 12-06_Backup.accdb,X:\CRSP Databases\Region 01\Pre-2010 Databases,X:\CRSP Databases\Region 01\Pre-2010 Databases\1306.78.101 Rotterdam - Rt. 146 & Rt. 7 - 12-06_Backup.accdb
3f2066e7ab9a18d90ff68108b325a713,.accdb,1335.18.121 Schaghticoke (9-2008).accdb,X:\CRSP Databases\Region 01\Pre-2010 Databases,X:\CRSP Databases\Region 01\Pre-2010 Databases\1335.18.121 Schaghticoke (9-2008).accdb
c7c27ee353af5c69717d8ff5d8cc52f3,.accdb,1383.20.101 Ausable River Bridge-(Parkhurst Co. Site only) (1999) (UPDATE).accdb,X:\CRSP Databases\Region 01\Pre-2010 Databases,X:\CRSP Databases\Region 01\Pre-2010 Databases\1383.20.101 Ausable River Bridge-(Parkhurst Co. Site only) (1999) (UPDATE).accdb
a7c546ddad0e63c38b04b46b80130942,.accdb,1460.31.101 Longlouck-10-98 (UPDATE).accdb,X:\CRSP Databases\Region 01\Pre-2010 Databases,X:\CRSP Databases\Region 01\Pre-2010 Databases\1460.31.101 Longlouck-10-98 (UPDATE).accdb
896d39fbe12f71ab0fafa12e9001e004,.accdb,1460.31.101 Winnie-10-98 (UPDATE).accdb,X:\CRSP Databases\Region 01\Pre-2010 Databases,X:\CRSP Databases\Region 01\Pre-2010 Databases\1460.31.101 Winnie-10-98 (UPDATE).accdb
2bd005d77c25628b8c5421f2bee496d7,.accdb,1460.42.121 Waterford-Cohoes Birdge (2004).accdb,X:\CRSP Databases\Region 01\Pre-2010 Databases,X:\CRSP Databases\Region 01\Pre-2010 Databases\1460.42.121 Waterford-Cohoes Birdge (2004).accdb
e2bb7747e3aaace76d477a0ce8120a4c,.accdb,1460.43.101 Rt. 32 Culverts 7-03.accdb,X:\CRSP Databases\Region 01\Pre-2010 Databases,X:\CRSP Databases\Region 01\Pre-2010 Databases\1460.43.101 Rt. 32 Culverts 7-03.accdb
ff4d2fbc65b1d5e4ffaf5bff8e8ec1c4,.accdb,1721.74.111 Clifton Park Rte 109 - 9-03.accdb,X:\CRSP Databases\Region 01\Pre-2010 Databases,X:\CRSP Databases\Region 01\Pre-2010 Databases\1721.74.111 Clifton Park Rte 109 - 9-03.accdb
f7d314fbd5c385d625e7301f640bb07a,.accdb,1721.78.121 I-87 Exit 5 08-05.accdb,X:\CRSP Databases\Region 01\Pre-2010 Databases,X:\CRSP Databases\Region 01\Pre-2010 Databases\1721.78.121 I-87 Exit 5 08-05.accdb
05bdd92ed98d592253688fc80d785481,.accdb,1722.04.101 I-87 & Rte 9 Pottersville (06-09).accdb,X:\CRSP Databases\Region 01\Pre-2010 Databases,X:\CRSP Databases\Region 01\Pre-2010 Databases\1722.04.101 I-87 & Rte 9 Pottersville (06-09).accdb
10e948bc03bcfa51d0aac5a00417c9d4,.accdb,1751.59.321 Frozen Jay (1-2009).accdb,X:\CRSP Databases\Region 01\Pre-2010 Databases,X:\CRSP Databases\Region 01\Pre-2010 Databases\1751.59.321 Frozen Jay (1-2009).accdb
6060807e136a1b59f39cf45c197cdffc,.accdb,1753.25.121 Church Street Hoosick Falls.accdb,X:\CRSP Databases\Region 01\Pre-2010 Databases,X:\CRSP Databases\Region 01\Pre-2010 Databases\1753.25.121 Church Street Hoosick Falls.accdb
45860b4c388d66fa4464942ccd3b2815,.accdb,1753.37.121 Maxwell Road 1996 (UPDATE).accdb,X:\CRSP Databases\Region 01\Pre-2010 Databases,X:\CRSP Databases\Region 01\Pre-2010 Databases\1753.37.121 Maxwell Road 1996 (UPDATE).accdb
adb4e166d7d4d3dc9da0b3c4904a22ca,.accdb,1753.37.121 Maxwell Road Addendum (4-00) (UPDATE).accdb,X:\CRSP Databases\Region 01\Pre-2010 Databases,X:\CRSP Databases\Region 01\Pre-2010 Databases\1753.37.121 Maxwell Road Addendum (4-00) (UPDATE).accdb
6967ab31060a52ef09ea181a800de0d8,.accdb,1753.50.121 Ballston Spa - FINAL COMBINED DATABASE (1998) (UPDATE).accdb,X:\CRSP Databases\Region 01\Pre-2010 Databases,X:\CRSP Databases\Region 01\Pre-2010 Databases\1753.50.121 Ballston Spa - FINAL COMBINED DATABASE (1998) (UPDATE).accdb
5ef3402b6f20558de8584c4c68646b1b,.accdb,1753.50.121 Ballston Spa - Mitigation (06-99) (UPDATE).accdb,X:\CRSP Databases\Region 01\Pre-2010 Databases,X:\CRSP Databases\Region 01\Pre-2010 Databases\1753.50.121 Ballston Spa - Mitigation (06-99) (UPDATE).accdb
661e67f459081d8448b658d0c599968c,.accdb,1753.50.121 Ballston Spa - Monitoring (7-00) (UPDATE).accdb,X:\CRSP Databases\Region 01\Pre-2010 Databases,X:\CRSP Databases\Region 01\Pre-2010 Databases\1753.50.121 Ballston Spa - Monitoring (7-00) (UPDATE).accdb
003f3e0c77a9381b3207f6ea5212ffd0,.accdb,1753.50.121 Ballston Spa - Site Exam (Jennings Site) (1998) (UPDATE).accdb,X:\CRSP Databases\Region 01\Pre-2010 Databases,X:\CRSP Databases\Region 01\Pre-2010 Databases\1753.50.121 Ballston Spa - Site Exam (Jennings Site) (1998) (UPDATE).accdb
5814ced1d6be916b869f1eb10cf2fff1,.accdb,1753.50.121 Ballston Spa - Survey  (1998) (UPDATE).accdb,X:\CRSP Databases\Region 01\Pre-2010 Databases,X:\CRSP Databases\Region 01\Pre-2010 Databases\1753.50.121 Ballston Spa - Survey  (1998) (UPDATE).accdb
4f43dc22def859693ac79bc2e98fd576,.accdb,1753.63.121 Batchellerville (12-01) (UPDATE).accdb,X:\CRSP Databases\Region 01\Pre-2010 Databases,X:\CRSP Databases\Region 01\Pre-2010 Databases\1753.63.121 Batchellerville (12-01) (UPDATE).accdb
d3340c862a4c42583bbba3bb9d34459d,.accdb,1757.55.101 Malta Round Lake.accdb,X:\CRSP Databases\Region 01\Pre-2010 Databases,X:\CRSP Databases\Region 01\Pre-2010 Databases\1757.55.101 Malta Round Lake.accdb
fe82efde13768973a6b257e6870fd2db,.accdb,1757.55.101 Round Lake Addendum (08-09).accdb,X:\CRSP Databases\Region 01\Pre-2010 Databases,X:\CRSP Databases\Region 01\Pre-2010 Databases\1757.55.101 Round Lake Addendum (08-09).accdb
064a389137bf1727229e72c01882aaa0,.accdb,1757.55.101 Round Lake Addendum Follow-Up (09-09).accdb,X:\CRSP Databases\Region 01\Pre-2010 Databases,X:\CRSP Databases\Region 01\Pre-2010 Databases\1757.55.101 Round Lake Addendum Follow-Up (09-09).accdb
43fd2dca7c293eff7cee824854e589f8,.accdb,1804.42.122 Glenridge Road Site Exam (8-07).accdb,X:\CRSP Databases\Region 01\Pre-2010 Databases,X:\CRSP Databases\Region 01\Pre-2010 Databases\1804.42.122 Glenridge Road Site Exam (8-07).accdb
a23848c9fe3089d8f222565ca8f338b9,.accdb,1804.42.122 Glenville(8-06).accdb,X:\CRSP Databases\Region 01\Pre-2010 Databases,X:\CRSP Databases\Region 01\Pre-2010 Databases\1804.42.122 Glenville(8-06).accdb
24651decd1091cb4de06875a31b07232,.accdb,1804.42.123 Brumaghim Site Accession Version (03-12).accdb,X:\CRSP Databases\Region 01\Pre-2010 Databases,X:\CRSP Databases\Region 01\Pre-2010 Databases\1804.42.123 Brumaghim Site Accession Version (03-12).accdb
67ee4c355b52b66486e2e69ef21650cf,.accdb,1804.42.123 Glenridge Road Brumaghim Site Combined &Updated(01-12).accdb,X:\CRSP Databases\Region 01\Pre-2010 Databases,X:\CRSP Databases\Region 01\Pre-2010 Databases\1804.42.123 Glenridge Road Brumaghim Site Combined &Updated(01-12).accdb
1a9252dff327ec2b1082e7bc7d8443ed,.accdb,1804.42.123 Glenridge Road Data Recovery Brumaghim (6-08).accdb,X:\CRSP Databases\Region 01\Pre-2010 Databases,X:\CRSP Databases\Region 01\Pre-2010 Databases\1804.42.123 Glenridge Road Data Recovery Brumaghim (6-08).accdb
64cacbd6927c887a47659bdf70cdb82c,.accdb,1804.42.123 Glenridge Road Site Exam-Data Recovery Unit Notes(12-11).accdb,X:\CRSP Databases\Region 01\Pre-2010 Databases,X:\CRSP Databases\Region 01\Pre-2010 Databases\1804.42.123 Glenridge Road Site Exam-Data Recovery Unit Notes(12-11).accdb
707f00dd2729a0de62a6d8366c1e4e46,.accdb,1804.42.123 Glenridge Road Site Exam-Data Recovery Unit Notes(12-11)_Backup.accdb,X:\CRSP Databases\Region 01\Pre-2010 Databases,X:\CRSP Databases\Region 01\Pre-2010 Databases\1804.42.123 Glenridge Road Site Exam-Data Recovery Unit Notes(12-11)_Backup.accdb
3f1fdbb12e9a45165e7439c08f981cba,.accdb,1804.95.301 Hoosick Barn Culvert.accdb,X:\CRSP Databases\Region 01\Pre-2010 Databases,X:\CRSP Databases\Region 01\Pre-2010 Databases\1804.95.301 Hoosick Barn Culvert.accdb
34051a25a671a81621e86a0b4fbd0e38,.accdb,1805.66.101 Glenville (9-00) (UPDATE).accdb,X:\CRSP Databases\Region 01\Pre-2010 Databases,X:\CRSP Databases\Region 01\Pre-2010 Databases\1805.66.101 Glenville (9-00) (UPDATE).accdb
c5481fa730830a9fe0d76078164fd004,.accdb,1805.66.101 Knox (9-00) (UPDATE).accdb,X:\CRSP Databases\Region 01\Pre-2010 Databases,X:\CRSP Databases\Region 01\Pre-2010 Databases\1805.66.101 Knox (9-00) (UPDATE).accdb
8c6ba6c02e5b6fcba6143f51608bbc5f,.accdb,1805.68.101 Niska Isle (7-07).accdb,X:\CRSP Databases\Region 01\Pre-2010 Databases,X:\CRSP Databases\Region 01\Pre-2010 Databases\1805.68.101 Niska Isle (7-07).accdb
512d8f31f93f11330e1b4a8244804145,.accdb,1806.38.101 Bemis Heights (8-02) (UPDATE).accdb,X:\CRSP Databases\Region 01\Pre-2010 Databases,X:\CRSP Databases\Region 01\Pre-2010 Databases\1806.38.101 Bemis Heights (8-02) (UPDATE).accdb
c919a5205042ce98ce3bbb13c70f5c2f,.accdb,1806.38.101 Bemis Heights Addendum (2002) (UPDATE).accdb,X:\CRSP Databases\Region 01\Pre-2010 Databases,X:\CRSP Databases\Region 01\Pre-2010 Databases\1806.38.101 Bemis Heights Addendum (2002) (UPDATE).accdb
9873e82a99dc71538d874453e9b643ab,.accdb,1806.49.101 Brant Lake (5-07).accdb,X:\CRSP Databases\Region 01\Pre-2010 Databases,X:\CRSP Databases\Region 01\Pre-2010 Databases\1806.49.101 Brant Lake (5-07).accdb
bea6c0f1e4cacfc854644ff29056ddd2,.accdb,1807.01.121 Malta Wetland Litigation 9-06.accdb,X:\CRSP Databases\Region 01\Pre-2010 Databases,X:\CRSP Databases\Region 01\Pre-2010 Databases\1807.01.121 Malta Wetland Litigation 9-06.accdb
6fa7611fb7c4e5526adbfc605b42ca5e,.accdb,1807.01.121 Round Lake - 04-04.accdb,X:\CRSP Databases\Region 01\Pre-2010 Databases,X:\CRSP Databases\Region 01\Pre-2010 Databases\1807.01.121 Round Lake - 04-04.accdb
5a7c6a35d162f76285370fe4e1ddf1a8,.accdb,1807.05.102 Shaker high (5-07).accdb,X:\CRSP Databases\Region 01\Pre-2010 Databases,X:\CRSP Databases\Region 01\Pre-2010 Databases\1807.05.102 Shaker high (5-07).accdb
2f64493aad57709fdc45b923b5bca89f,.accdb,1932.28.121 Castleton - Route 9J Multi-Use Path (2005).accdb,X:\CRSP Databases\Region 01\Pre-2010 Databases,X:\CRSP Databases\Region 01\Pre-2010 Databases\1932.28.121 Castleton - Route 9J Multi-Use Path (2005).accdb
2b9fd43d87b3183aec8270db49d8c60f,.accdb,1932.28.221 Papscanee 11-05.accdb,X:\CRSP Databases\Region 01\Pre-2010 Databases,X:\CRSP Databases\Region 01\Pre-2010 Databases\1932.28.221 Papscanee 11-05.accdb
348416569bc62216d0d7d4efc105214e,.accdb,1932.76.121 Castleton Landing (1-07).accdb,X:\CRSP Databases\Region 01\Pre-2010 Databases,X:\CRSP Databases\Region 01\Pre-2010 Databases\1932.76.121 Castleton Landing (1-07).accdb
aa55973ae2361eeb5c09bf081e62bb9d,.accdb,1932.76.121 Empire RR Papscanee (9-06&5-07).accdb,X:\CRSP Databases\Region 01\Pre-2010 Databases,X:\CRSP Databases\Region 01\Pre-2010 Databases\1932.76.121 Empire RR Papscanee (9-06&5-07).accdb
2e1dd5c7990d3001c758acc0b1aaf0fc,.accdb,1940.97.101 Baldwins Corner Road-12-06.accdb,X:\CRSP Databases\Region 01\Pre-2010 Databases,X:\CRSP Databases\Region 01\Pre-2010 Databases\1940.97.101 Baldwins Corner Road-12-06.accdb
c6dcc6ccc4a863560cd777fa632a8adf,.accdb,1940.98.101 Ryder Road (2005).accdb,X:\CRSP Databases\Region 01\Pre-2010 Databases,X:\CRSP Databases\Region 01\Pre-2010 Databases\1940.98.101 Ryder Road (2005).accdb
7f7cb7b1f823d8b3625b365062033d32,.accdb,1941.08.121 East Street (6-05).accdb,X:\CRSP Databases\Region 01\Pre-2010 Databases,X:\CRSP Databases\Region 01\Pre-2010 Databases\1941.08.121 East Street (6-05).accdb
14661a969ba4befa1d4dd1a9676c6ad4,.accdb,A031.01.701 Upper Castleton (10-2009).accdb,X:\CRSP Databases\Region 01\Pre-2010 Databases,X:\CRSP Databases\Region 01\Pre-2010 Databases\A031.01.701 Upper Castleton (10-2009).accdb
e192fd7f1349e88ab0582978e6c29b4b,.accdb,A031.03.701 Papscanee Alternate C (1-08).accdb,X:\CRSP Databases\Region 01\Pre-2010 Databases,X:\CRSP Databases\Region 01\Pre-2010 Databases\A031.03.701 Papscanee Alternate C (1-08).accdb
65eb5e48303d8d3e6b0fc70f679e00c0,.accdb,AX16.13.701 Crown Point (11-2009).accdb,X:\CRSP Databases\Region 01\Pre-2010 Databases,X:\CRSP Databases\Region 01\Pre-2010 Databases\AX16.13.701 Crown Point (11-2009).accdb
331fb7c440dc507043a982270c754335,.accdb,1089.70.101 Bemis Heights SITE EXAM & DATA RECOVERY (7-03).accdb,X:\CRSP Databases\Region 01\Pre-2010 Databases\Original Databases-Pre Accessioned-DO NOT ALTER,X:\CRSP Databases\Region 01\Pre-2010 Databases\Original Databases-Pre Accessioned-DO NOT ALTER\1089.70.101 Bemis Heights SITE EXAM & DATA RECOVERY (7-03).accdb
3a7e2a806a2f16ba9f4d3ee1ebaec9b3,.accdb,1130.60.101 N. Hoosick Site Exam and DR (8-2008).accdb,X:\CRSP Databases\Region 01\Pre-2010 Databases\Original Databases-Pre Accessioned-DO NOT ALTER,X:\CRSP Databases\Region 01\Pre-2010 Databases\Original Databases-Pre Accessioned-DO NOT ALTER\1130.60.101 N. Hoosick Site Exam and DR (8-2008).accdb
f0502dac1019ed4b2242cefca58f37f2,.accdb,1806.38.101 Bemis Heights Addendum (2002) (UPDATE).accdb,X:\CRSP Databases\Region 01\Pre-2010 Databases\Original Databases-Pre Accessioned-DO NOT ALTER,X:\CRSP Databases\Region 01\Pre-2010 Databases\Original Databases-Pre Accessioned-DO NOT ALTER\1806.38.101 Bemis Heights Addendum (2002) (UPDATE).accdb
f324055d3bc735e1ec5be1b8f554017c,.accdb,1753.58.121 Pearl St. at Howard St. (Original catalogue before any corrections + condensing) (1997) (UPDATE).accdb,X:\CRSP Databases\Region 01\Pre-2010 Databases\Pearl St (1997- 2001)\Pearl Street-Phase I (1997- 1998),X:\CRSP Databases\Region 01\Pre-2010 Databases\Pearl St (1997- 2001)\Pearl Street-Phase I (1997- 1998)\1753.58.121 Pearl St. at Howard St. (Original catalogue before any corrections + condensing) (1997) (UPDATE).accdb
0581276b7269e23e601fdf3983ab9c2e,.accdb,1753.58.121 Pearl St. at Howard St.- A1998.04 Lutheran Church Lot (1997) (UPDATE).accdb,X:\CRSP Databases\Region 01\Pre-2010 Databases\Pearl St (1997- 2001)\Pearl Street-Phase I (1997- 1998),X:\CRSP Databases\Region 01\Pre-2010 Databases\Pearl St (1997- 2001)\Pearl Street-Phase I (1997- 1998)\1753.58.121 Pearl St. at Howard St.- A1998.04 Lutheran Church Lot (1997) (UPDATE).accdb
e574ad2f5a1fe64c3bae5ad60bdafd06,.accdb,1753.58.121 Pearl St. at Norton - A1998.06 (1998) (UPDATE).accdb,X:\CRSP Databases\Region 01\Pre-2010 Databases\Pearl St (1997- 2001)\Pearl Street-Phase I (1997- 1998),X:\CRSP Databases\Region 01\Pre-2010 Databases\Pearl St (1997- 2001)\Pearl Street-Phase I (1997- 1998)\1753.58.121 Pearl St. at Norton - A1998.06 (1998) (UPDATE).accdb
b45407cac43e23b1cc2c9fa561438e2e,.accdb,1753.58.121 Pearl St. at State St - A1998.05 British Guard House (1998) (UPDATE).accdb,X:\CRSP Databases\Region 01\Pre-2010 Databases\Pearl St (1997- 2001)\Pearl Street-Phase I (1997- 1998),X:\CRSP Databases\Region 01\Pre-2010 Databases\Pearl St (1997- 2001)\Pearl Street-Phase I (1997- 1998)\1753.58.121 Pearl St. at State St - A1998.05 British Guard House (1998) (UPDATE).accdb
1cb58e299d6471c488665e1656609515,.accdb,1753.58.121 Pearl St. Monitoring - A1998.21 (1998) (UPDATE).accdb,X:\CRSP Databases\Region 01\Pre-2010 Databases\Pearl St (1997- 2001)\Pearl Street-Phase I (1997- 1998),X:\CRSP Databases\Region 01\Pre-2010 Databases\Pearl St (1997- 2001)\Pearl Street-Phase I (1997- 1998)\1753.58.121 Pearl St. Monitoring - A1998.21 (1998) (UPDATE).accdb
26190c6e3f6b999f3d42b06c2294ba7b,.accdb,1754.38.321 Pearl Street II - A2000.40 (2000) (UPDATE).accdb,X:\CRSP Databases\Region 01\Pre-2010 Databases\Pearl St (1997- 2001)\Pearl Street-Phase II (2000),X:\CRSP Databases\Region 01\Pre-2010 Databases\Pearl St (1997- 2001)\Pearl Street-Phase II (2000)\1754.38.321 Pearl Street II - A2000.40 (2000) (UPDATE).accdb
026a00cfcd90a7fd33455c730388515b,.accdb,1754.38.321 Pearl Street Phase II listing (2000) (UPDATE).accdb,X:\CRSP Databases\Region 01\Pre-2010 Databases\Pearl St (1997- 2001)\Pearl Street-Phase II (2000),X:\CRSP Databases\Region 01\Pre-2010 Databases\Pearl St (1997- 2001)\Pearl Street-Phase II (2000)\1754.38.321 Pearl Street Phase II listing (2000) (UPDATE).accdb
206cf69554f635a25eafc14cc691f522,.accdb,1754.38.321 South Pearl St. A2005.02 (2001) (UPDATE).accdb,X:\CRSP Databases\Region 01\Pre-2010 Databases\Pearl St (1997- 2001)\Pearl Street-South St (2001),X:\CRSP Databases\Region 01\Pre-2010 Databases\Pearl St (1997- 2001)\Pearl Street-South St (2001)\1754.38.321 South Pearl St. A2005.02 (2001) (UPDATE).accdb
1d4f5d4d8167eb041b675f21e1f7a969,.accdb,1347.07.101 Selkirk (1998) bypass survey (UPDATE).accdb,X:\CRSP Databases\Region 01\Pre-2010 Databases\Selkirk Folder (1999),X:\CRSP Databases\Region 01\Pre-2010 Databases\Selkirk Folder (1999)\1347.07.101 Selkirk (1998) bypass survey (UPDATE).accdb
ffde157c5d6182f218e8434388676d13,.accdb,1347.07.101-Selkirk -10-98 (UPDATE).accdb,X:\CRSP Databases\Region 01\Pre-2010 Databases\Selkirk Folder (1999),X:\CRSP Databases\Region 01\Pre-2010 Databases\Selkirk Folder (1999)\1347.07.101-Selkirk -10-98 (UPDATE).accdb
7f4fd10148e71e42518d854d2764763f,.accdb,1347.07.101-Selkirk B-09-99 (UPDATE).accdb,X:\CRSP Databases\Region 01\Pre-2010 Databases\Selkirk Folder (1999),X:\CRSP Databases\Region 01\Pre-2010 Databases\Selkirk Folder (1999)\1347.07.101-Selkirk B-09-99 (UPDATE).accdb
46fb10c002e85b52f550611d38c40dc2,.accdb,1347.07.101-Selkirk C-STPs-09-99 (UPDATE).accdb,X:\CRSP Databases\Region 01\Pre-2010 Databases\Selkirk Folder (1999),X:\CRSP Databases\Region 01\Pre-2010 Databases\Selkirk Folder (1999)\1347.07.101-Selkirk C-STPs-09-99 (UPDATE).accdb
ec833f2cbcf3b10608ea110265ba74fb,.accdb,1347.07.101-Shafer Site at Selkirk STPs-09-99 (UPDATE).accdb,X:\CRSP Databases\Region 01\Pre-2010 Databases\Selkirk Folder (1999),X:\CRSP Databases\Region 01\Pre-2010 Databases\Selkirk Folder (1999)\1347.07.101-Shafer Site at Selkirk STPs-09-99 (UPDATE).accdb
6bc16137fd9d67aa725c3383133c8902,.accdb,1347.07.101-Shafer STPs-09-99 (UPDATE).accdb,X:\CRSP Databases\Region 01\Pre-2010 Databases\Selkirk Folder (1999),X:\CRSP Databases\Region 01\Pre-2010 Databases\Selkirk Folder (1999)\1347.07.101-Shafer STPs-09-99 (UPDATE).accdb
cdb68c1936f79b220a8fa0dc80296c48,.accdb,1347.07.122 Job Corps Catalog (9-99) (UPDATE).accdb,X:\CRSP Databases\Region 01\Pre-2010 Databases\Selkirk Folder (1999),X:\CRSP Databases\Region 01\Pre-2010 Databases\Selkirk Folder (1999)\1347.07.122 Job Corps Catalog (9-99) (UPDATE).accdb
d4a3abaa24f7f7d74f42ae0b30067c5f,.accdb,1347.07.122 Selkirk (9-99) (UPDATE).accdb,X:\CRSP Databases\Region 01\Pre-2010 Databases\Selkirk Folder (1999),X:\CRSP Databases\Region 01\Pre-2010 Databases\Selkirk Folder (1999)\1347.07.122 Selkirk (9-99) (UPDATE).accdb
25eaff917cb960eff5437ab10b02c4fe,.accdb,1347.07.122 Shafer Site at Selkirk Catalogue (9-99) (UPDATE).accdb,X:\CRSP Databases\Region 01\Pre-2010 Databases\Selkirk Folder (1999),X:\CRSP Databases\Region 01\Pre-2010 Databases\Selkirk Folder (1999)\1347.07.122 Shafer Site at Selkirk Catalogue (9-99) (UPDATE).accdb
09fe83e38dec51e6058ce10216428194,.accdb,"1130.69 Site Exam for 11714, 11716, 11717 (8-10).accdb",X:\CRSP Databases\Region 01\Pre-Accessioned database-do not alter,"X:\CRSP Databases\Region 01\Pre-Accessioned database-do not alter\1130.69 Site Exam for 11714, 11716, 11717 (8-10).accdb"
d26714024c1e219a8e79797f6ce72be2,.accdb,1805.81.123 Crown Point (5-10).accdb,X:\CRSP Databases\Region 01\Pre-Accessioned database-do not alter,X:\CRSP Databases\Region 01\Pre-Accessioned database-do not alter\1805.81.123 Crown Point (5-10).accdb
7f6f472ac17ddee0ee96da47e24ada10,.accdb,2004.11.101 Ilion Rte. 51 CSX RR Bridge (09-16).accdb,X:\CRSP Databases\Region 02,X:\CRSP Databases\Region 02\2004.11.101 Ilion Rte. 51 CSX RR Bridge (09-16).accdb
c683537f1f0b6c604509959afb952be2,.accdb,2004.12.121 Rt 51 over Steele Creek Bridge (7-2018).accdb,X:\CRSP Databases\Region 02,X:\CRSP Databases\Region 02\2004.12.121 Rt 51 over Steele Creek Bridge (7-2018).accdb
62f1a5183e1a1e0a88de34f017d675a2,.accdb,2010.07.101 Fairfield Addendum (07-10).accdb,X:\CRSP Databases\Region 02,X:\CRSP Databases\Region 02\2010.07.101 Fairfield Addendum (07-10).accdb
1134a8a544d74d2d2f24164947a01ec4,.accdb,2016.77 Rt 12 Trenton (7-2014).accdb,X:\CRSP Databases\Region 02,X:\CRSP Databases\Region 02\2016.77 Rt 12 Trenton (7-2014).accdb
aa9a92b36c2bde767449ac12646888d6,.accdb,2023.34.101 Rt. 69 over Sanquoit Creek (8-2018).accdb,X:\CRSP Databases\Region 02,X:\CRSP Databases\Region 02\2023.34.101 Rt. 69 over Sanquoit Creek (8-2018).accdb
51a98458aa88be5317a5b17068f05f9e,.accdb,"2029.52 Canajoharie Monitoring Rtes 5S, 10 & 920T (10-10).accdb",X:\CRSP Databases\Region 02,"X:\CRSP Databases\Region 02\2029.52 Canajoharie Monitoring Rtes 5S, 10 & 920T (10-10).accdb"
ba4334da97dcded8925815f7d03c70a3,.accdb,2029.67.101 Florida (7-2019).accdb,X:\CRSP Databases\Region 02,X:\CRSP Databases\Region 02\2029.67.101 Florida (7-2019).accdb
d87ba5ddfb324e2a71424d5e67028187,.accdb,2056.79.121 West Canada Creek (07-12).accdb,X:\CRSP Databases\Region 02,X:\CRSP Databases\Region 02\2056.79.121 West Canada Creek (07-12).accdb
f7fbeefe58f6559b9b2283df8e7f03a5,.accdb,2057.48.101 Intersection of Rt. 13 & 31 Lenox (10-2016).accdb,X:\CRSP Databases\Region 02,X:\CRSP Databases\Region 02\2057.48.101 Intersection of Rt. 13 & 31 Lenox (10-2016).accdb
2107fd2a45a9285113f6b4eed9069236,.accdb,2057.48.101 Intersection of Rt. 13 & 31 Lenox (11-2016).accdb,X:\CRSP Databases\Region 02,X:\CRSP Databases\Region 02\2057.48.101 Intersection of Rt. 13 & 31 Lenox (11-2016).accdb
191c6b36476cf69b82c18b30de30f856,.accdb,2071.08.101 9 Mile Creek (01-10).accdb,X:\CRSP Databases\Region 02,X:\CRSP Databases\Region 02\2071.08.101 9 Mile Creek (01-10).accdb
bc3095fb0b493a5344989301671585bb,.accdb,2125. 15.121 Fonda RR Bridge CSX (5-12).accdb,X:\CRSP Databases\Region 02,X:\CRSP Databases\Region 02\2125. 15.121 Fonda RR Bridge CSX (5-12).accdb
1f15a8c0d78b8808dc5a924c1bded6f2,.accdb,2125.15 Fonda (7-11).accdb,X:\CRSP Databases\Region 02,X:\CRSP Databases\Region 02\2125.15 Fonda (7-11).accdb
e93dc8d14b20f5ad470b1b8a4bda29f4,.accdb,2134.27.121 Oneida Hotel Site.accdb,X:\CRSP Databases\Region 02,X:\CRSP Databases\Region 02\2134.27.121 Oneida Hotel Site.accdb
2ab04925a2b48009745b9c552e43d1f7,.accdb,2134.41.121 Utica - 1026-1028 Lincoln Ave  BAGLIST (09-13).accdb,X:\CRSP Databases\Region 02,X:\CRSP Databases\Region 02\2134.41.121 Utica - 1026-1028 Lincoln Ave  BAGLIST (09-13).accdb
fa074bfc87fa85aa45dd2b712497d5c1,.accdb,2134.41.121 Utica - 1026-1028 Lincoln Ave (02-13).accdb,X:\CRSP Databases\Region 02,X:\CRSP Databases\Region 02\2134.41.121 Utica - 1026-1028 Lincoln Ave (02-13).accdb
0db3520d856cff85756241322cdbfc42,.accdb,2134.41.121 Utica - 1026-1028 Lincoln Ave (02-13)_Backup.accdb,X:\CRSP Databases\Region 02,X:\CRSP Databases\Region 02\2134.41.121 Utica - 1026-1028 Lincoln Ave (02-13)_Backup.accdb
9bbe8e7ddd5097af5db048637f5e6ad0,.accdb,2134.41.121 Utica - 613 Court Steet Site (07-12).accdb,X:\CRSP Databases\Region 02,X:\CRSP Databases\Region 02\2134.41.121 Utica - 613 Court Steet Site (07-12).accdb
411771698f260647fb414ec1ff70efdf,.accdb,2134.41.121 Utica - 613 Court Steet Site (07-12)_Backup.accdb,X:\CRSP Databases\Region 02,X:\CRSP Databases\Region 02\2134.41.121 Utica - 613 Court Steet Site (07-12)_Backup.accdb
204fb5ed4102182025490933573f019b,.accdb,2134.41.121 Utica - 705 Roberts CULLED .accdb,X:\CRSP Databases\Region 02,X:\CRSP Databases\Region 02\2134.41.121 Utica - 705 Roberts CULLED .accdb
0725768654896e8c767adbf5bf9d00b3,.accdb,2134.41.121 Utica - 705 Roberts.accdb,X:\CRSP Databases\Region 02,X:\CRSP Databases\Region 02\2134.41.121 Utica - 705 Roberts.accdb
bf7d682acd9e4ed98e553e0006e31702,.accdb,2134.41.121 Utica - Bristol St. (11-2012).accdb,X:\CRSP Databases\Region 02,X:\CRSP Databases\Region 02\2134.41.121 Utica - Bristol St. (11-2012).accdb
57c42d407330426244b096b28111d364,.accdb,2134.41.121 Utica - NA White Pottery Site (09-12).accdb,X:\CRSP Databases\Region 02,X:\CRSP Databases\Region 02\2134.41.121 Utica - NA White Pottery Site (09-12).accdb
fd3399fa706c4d53ba245e9cdc37864e,.accdb,2134.41.121 Utica - Sunset Ave (11-12) Culled.accdb,X:\CRSP Databases\Region 02,X:\CRSP Databases\Region 02\2134.41.121 Utica - Sunset Ave (11-12) Culled.accdb
54745c934fd7bf9ff334696f4c1a82f4,.accdb,2134.41.121 Utica - Sunset Ave (11-12).accdb,X:\CRSP Databases\Region 02,X:\CRSP Databases\Region 02\2134.41.121 Utica - Sunset Ave (11-12).accdb
fc1bb82cfa88a1c86894774d28208a98,.accdb,2134.41.121 Utica Fay St Monitoring 2012 .accdb,X:\CRSP Databases\Region 02,X:\CRSP Databases\Region 02\2134.41.121 Utica Fay St Monitoring 2012 .accdb
6699eebe65e633c5af4a66646063a8d3,.accdb,2134.41.321 Utica - N-S Arterial Monitoring (12-15).accdb,X:\CRSP Databases\Region 02,X:\CRSP Databases\Region 02\2134.41.321 Utica - N-S Arterial Monitoring (12-15).accdb
3c2694f79730625a3ebdadbe9a02a2b6,.accdb,2650.33.321 Erie Blvd. (04-12).accdb,X:\CRSP Databases\Region 02,X:\CRSP Databases\Region 02\2650.33.321 Erie Blvd. (04-12).accdb
96397ecee367a642546c3f0714f27c7d,.accdb,2754.38.121 Higginsville Road Bridge (5-2017).accdb,X:\CRSP Databases\Region 02,X:\CRSP Databases\Region 02\2754.38.121 Higginsville Road Bridge (5-2017).accdb
6e581d21179da406cb4f8872a81a179c,.accdb,2805.02.121 Amsterdam Rt. 5 & 30 (3-10).accdb,X:\CRSP Databases\Region 02,X:\CRSP Databases\Region 02\2805.02.121 Amsterdam Rt. 5 & 30 (3-10).accdb
bd5426b959600d99ec030ff25f1b9d5b,.accdb,2805.23.121 Schuyler Rte 5 (07-10).accdb,X:\CRSP Databases\Region 02,X:\CRSP Databases\Region 02\2805.23.121 Schuyler Rte 5 (07-10).accdb
fd0d34d499b5ef863ea2400560cc360e,.accdb,2805.27.121 Rte. 30 Long Lake (04-10).accdb,X:\CRSP Databases\Region 02,X:\CRSP Databases\Region 02\2805.27.121 Rte. 30 Long Lake (04-10).accdb
334c9513e735ae384a206438591767d9,.accdb,2805.58.101 Kirkland Culvert (12-2014).accdb,X:\CRSP Databases\Region 02,X:\CRSP Databases\Region 02\2805.58.101 Kirkland Culvert (12-2014).accdb
8e2e8132b40d68105b83fb700acc9a56,.accdb,2805.66.101 Rt. 26 Eaton (6-2016).accdb,X:\CRSP Databases\Region 02,X:\CRSP Databases\Region 02\2805.66.101 Rt. 26 Eaton (6-2016).accdb
36b746b157ecf5afdd02079d1ae5858c,.accdb,2805.67.101 Canajoharie Culvert 250055 (7-2016).accdb,X:\CRSP Databases\Region 02,X:\CRSP Databases\Region 02\2805.67.101 Canajoharie Culvert 250055 (7-2016).accdb
a010eff5d88be54df924c9f6bd93b98b,.accdb,2805.73.101 Amsterdam (7-2016) (2).accdb,X:\CRSP Databases\Region 02,X:\CRSP Databases\Region 02\2805.73.101 Amsterdam (7-2016) (2).accdb
2fd095d5c258e01cc7bcb3fa1fc460ea,.accdb,2805.73.101 Amsterdam (7-2016).accdb,X:\CRSP Databases\Region 02,X:\CRSP Databases\Region 02\2805.73.101 Amsterdam (7-2016).accdb
2c79dd4108a39d1819c67b83a600dd34,.accdb,2805.73.101 Fultonville (7-2016).accdb,X:\CRSP Databases\Region 02,X:\CRSP Databases\Region 02\2805.73.101 Fultonville (7-2016).accdb
396fa62281aa07de7ca46f3e76792a35,.accdb,2805.73.101 Mayfield (7-2016).accdb,X:\CRSP Databases\Region 02,X:\CRSP Databases\Region 02\2805.73.101 Mayfield (7-2016).accdb
c3ddb15547e90a1fabad3b7eeebb668c,.accdb,2805.73.101 Richfield (7-2016).accdb,X:\CRSP Databases\Region 02,X:\CRSP Databases\Region 02\2805.73.101 Richfield (7-2016).accdb
06fdcad590c258285f64f382be356cd8,.accdb,2805.77.101 Boonville (12-5-16)(CIN 260154).accdb,X:\CRSP Databases\Region 02,X:\CRSP Databases\Region 02\2805.77.101 Boonville (12-5-16)(CIN 260154).accdb
6b91a98a197c742634095f2a33a37384,.accdb,2805.77.101 Boonville (12-7-16)(CIN 260155).accdb,X:\CRSP Databases\Region 02,X:\CRSP Databases\Region 02\2805.77.101 Boonville (12-7-16)(CIN 260155).accdb
4875034cdcd83fe7d4d8d5529f0b5992,.accdb,2805.77.101 Johnstown (4-2017).accdb,X:\CRSP Databases\Region 02,X:\CRSP Databases\Region 02\2805.77.101 Johnstown (4-2017).accdb
86d3fa5bb1d098f46b8b8bd191b01349,.accdb,2805.77.101 Mayfield (4-2017).accdb,X:\CRSP Databases\Region 02,X:\CRSP Databases\Region 02\2805.77.101 Mayfield (4-2017).accdb
9a9dffd505927fa54b6f653038d7b227,.accdb,2805.77.101 Morehouse Rte 8 (4-2017).accdb,X:\CRSP Databases\Region 02,X:\CRSP Databases\Region 02\2805.77.101 Morehouse Rte 8 (4-2017).accdb
5ec836284486056e7e40201caaf44059,.accdb,2805.77.101 Rt 28 Newport CIN230074 (4-2017).accdb,X:\CRSP Databases\Region 02,X:\CRSP Databases\Region 02\2805.77.101 Rt 28 Newport CIN230074 (4-2017).accdb
d56316530e1387682bb2bd306da884fc,.accdb,2805.95.201 Newport Culvert Extension-Repair (10-2017).accdb,X:\CRSP Databases\Region 02,X:\CRSP Databases\Region 02\2805.95.201 Newport Culvert Extension-Repair (10-2017).accdb
c4b68be5ccf29e0cd578d089d57efb03,.accdb,2806.00.121 Rt 8 Bridgwater (7-2019).accdb,X:\CRSP Databases\Region 02,X:\CRSP Databases\Region 02\2806.00.121 Rt 8 Bridgwater (7-2019).accdb
a4a8326f1491a34e773e6fd3a2f04215,.accdb,2931.54.121 Amsterdam (1-11).accdb,X:\CRSP Databases\Region 02,X:\CRSP Databases\Region 02\2931.54.121 Amsterdam (1-11).accdb
562b393bdc2f8e5aeb1f3ef165a656df,.accdb,2ST0.11 Winfield Culvert (7-2014).accdb,X:\CRSP Databases\Region 02,X:\CRSP Databases\Region 02\2ST0.11 Winfield Culvert (7-2014).accdb
a5d30192d12c0de84b97edf6517dca0a,.accdb,2004.08.121 Ilion (09-07).accdb,X:\CRSP Databases\Region 02\Pre-2010 Databases,X:\CRSP Databases\Region 02\Pre-2010 Databases\2004.08.121 Ilion (09-07).accdb
fc9a016ca404728742fe98a78a454de9,.accdb,2004.08.121 Ilion Rte. 51 11-07.accdb,X:\CRSP Databases\Region 02\Pre-2010 Databases,X:\CRSP Databases\Region 02\Pre-2010 Databases\2004.08.121 Ilion Rte. 51 11-07.accdb
723174bac59db95d67d260ce6c3c7dd2,.accdb,2004[1].08.121 Ilion Rte. 51 -Phase II11-07.accdb,X:\CRSP Databases\Region 02\Pre-2010 Databases,X:\CRSP Databases\Region 02\Pre-2010 Databases\2004[1].08.121 Ilion Rte. 51 -Phase II11-07.accdb
83fe0e00f86ded8741906c2f644fc8d8,.accdb,2004[1].08.121 Ilion Rte. 51 11-07 - Phase I.accdb,X:\CRSP Databases\Region 02\Pre-2010 Databases,X:\CRSP Databases\Region 02\Pre-2010 Databases\2004[1].08.121 Ilion Rte. 51 11-07 - Phase I.accdb
e2ef7d4bfec13d2d77e489ed4ea8adaa,.accdb,2004[1].08.121 Ilion Rte. 51 11-07.accdb,X:\CRSP Databases\Region 02\Pre-2010 Databases,X:\CRSP Databases\Region 02\Pre-2010 Databases\2004[1].08.121 Ilion Rte. 51 11-07.accdb
6b6d43bef59bc215b5a7eaa7228a07bf,.accdb,2009.13.121 Little Falls-9-99 (update).accdb,X:\CRSP Databases\Region 02\Pre-2010 Databases,X:\CRSP Databases\Region 02\Pre-2010 Databases\2009.13.121 Little Falls-9-99 (update).accdb
a1dcf95a7fbd431b84e5da841eff2483,.accdb,2009.13.221 Little Falls Electric Pole Relocation-5-02 (UPDATE).accdb,X:\CRSP Databases\Region 02\Pre-2010 Databases,X:\CRSP Databases\Region 02\Pre-2010 Databases\2009.13.221 Little Falls Electric Pole Relocation-5-02 (UPDATE).accdb
8fd08ef83888e73d7a8ef2724726e596,.accdb,2011.06.101 Rte 168 Over Ohisa Creek - 09-03.accdb,X:\CRSP Databases\Region 02\Pre-2010 Databases,X:\CRSP Databases\Region 02\Pre-2010 Databases\2011.06.101 Rte 168 Over Ohisa Creek - 09-03.accdb
63d42e39300faf843d0dd4a683e7e7b6,.accdb,2011.07.101 Rt. 168 over Otsquago (5-07).accdb,X:\CRSP Databases\Region 02\Pre-2010 Databases,X:\CRSP Databases\Region 02\Pre-2010 Databases\2011.07.101 Rt. 168 over Otsquago (5-07).accdb
3eae4cf5800159cc17a272e4a3ff2af4,.accdb,2011.08.101 Rt. 168 over Otsquago (5-07).accdb,X:\CRSP Databases\Region 02\Pre-2010 Databases,X:\CRSP Databases\Region 02\Pre-2010 Databases\2011.08.101 Rt. 168 over Otsquago (5-07).accdb
481d5d8ddd4039f3eca052f74ac6d991,.accdb,2012.07.101 Stoney Creek Rte 169-11-07.accdb,X:\CRSP Databases\Region 02\Pre-2010 Databases,X:\CRSP Databases\Region 02\Pre-2010 Databases\2012.07.101 Stoney Creek Rte 169-11-07.accdb
2635e5ce7a8459146558d9aee6b6f8d9,.accdb,2012.07.101 Stony Creek Rte 169-11-07.accdb,X:\CRSP Databases\Region 02\Pre-2010 Databases,X:\CRSP Databases\Region 02\Pre-2010 Databases\2012.07.101 Stony Creek Rte 169-11-07.accdb
a01dd383b9862ca3189c7a2677bdbac5,.accdb,2012.07.121 Rt 169 Over Stoney Creek Site Exam (12-09).accdb,X:\CRSP Databases\Region 02\Pre-2010 Databases,X:\CRSP Databases\Region 02\Pre-2010 Databases\2012.07.121 Rt 169 Over Stoney Creek Site Exam (12-09).accdb
2918d9bec2c40a9c8ef05d57d8036b32,.accdb,2016.52.101 Sangerfield  (2003) (UPDATE).accdb,X:\CRSP Databases\Region 02\Pre-2010 Databases,X:\CRSP Databases\Region 02\Pre-2010 Databases\2016.52.101 Sangerfield  (2003) (UPDATE).accdb
f2afcf7867488b1695ad2576b2256cca,.accdb,2016.53 Paris 12-98 (UPDATE).accdb,X:\CRSP Databases\Region 02\Pre-2010 Databases,X:\CRSP Databases\Region 02\Pre-2010 Databases\2016.53 Paris 12-98 (UPDATE).accdb
6987bbec65afa7b9a588c7ff6bd8a42d,.accdb,2016.53.101 Ormsby Site (6-99) (UPDATE).accdb,X:\CRSP Databases\Region 02\Pre-2010 Databases,X:\CRSP Databases\Region 02\Pre-2010 Databases\2016.53.101 Ormsby Site (6-99) (UPDATE).accdb
3c03c3c2b613b9fb3f7e7cbfb81dc4b8,.accdb,2016.66.121 Trenton.accdb,X:\CRSP Databases\Region 02\Pre-2010 Databases,X:\CRSP Databases\Region 02\Pre-2010 Databases\2016.66.121 Trenton.accdb
461f44e93e5c88464c5335db8cd6cc99,.accdb,2016.67.101 Parker Hollow (11-05).accdb,X:\CRSP Databases\Region 02\Pre-2010 Databases,X:\CRSP Databases\Region 02\Pre-2010 Databases\2016.67.101 Parker Hollow (11-05).accdb
853ff5a75987ce5c0fe0503f4406a453,.accdb,2016.68.121 Cincinnatti Creek 11-05.accdb,X:\CRSP Databases\Region 02\Pre-2010 Databases,X:\CRSP Databases\Region 02\Pre-2010 Databases\2016.68.121 Cincinnatti Creek 11-05.accdb
4ae4a9b6727ca6d97c09f987e4961292,.accdb,2016.71.121 Six Intersections-Rt 12 (6-05).accdb,X:\CRSP Databases\Region 02\Pre-2010 Databases,X:\CRSP Databases\Region 02\Pre-2010 Databases\2016.71.121 Six Intersections-Rt 12 (6-05).accdb
a86a55253f1ca008e1207d8a9631cc06,.accdb,2016.71.121 Six Intersections-Rt 12-SITE EXAM ONLY (9-06).accdb,X:\CRSP Databases\Region 02\Pre-2010 Databases,X:\CRSP Databases\Region 02\Pre-2010 Databases\2016.71.121 Six Intersections-Rt 12-SITE EXAM ONLY (9-06).accdb
6e03945201f9980752fcba23b887556a,.accdb,2018.60.121 Route 28.accdb,X:\CRSP Databases\Region 02\Pre-2010 Databases,X:\CRSP Databases\Region 02\Pre-2010 Databases\2018.60.121 Route 28.accdb
9f6cb64086a61857fbbf50fc23137f2f,.accdb,2018.60.121 Rt. 28 T. of Webb (9-2008).accdb,X:\CRSP Databases\Region 02\Pre-2010 Databases,X:\CRSP Databases\Region 02\Pre-2010 Databases\2018.60.121 Rt. 28 T. of Webb (9-2008).accdb
c579fb6a5d70c0231191f81681ed4e45,.accdb,"2018.85.121 Rt. 28, Countryman to Middleville, Addendum.accdb",X:\CRSP Databases\Region 02\Pre-2010 Databases,"X:\CRSP Databases\Region 02\Pre-2010 Databases\2018.85.121 Rt. 28, Countryman to Middleville, Addendum.accdb"
f179f895b9b6a7469aae725ffba47d80,.accdb,2018.85.121 Rte28-9-99 (UPDATE).accdb,X:\CRSP Databases\Region 02\Pre-2010 Databases,X:\CRSP Databases\Region 02\Pre-2010 Databases\2018.85.121 Rte28-9-99 (UPDATE).accdb
d448ecbfcc411fa59e0da94e8fc7b79e,.accdb,2018.88.321 Rt.28 Old Forge (7-00) (UPDATE).accdb,X:\CRSP Databases\Region 02\Pre-2010 Databases,X:\CRSP Databases\Region 02\Pre-2010 Databases\2018.88.321 Rt.28 Old Forge (7-00) (UPDATE).accdb
7b3ef8fd13f44a21c8002a5884b67ea2,.accdb,2018.95.101 Blue Mountain Lake (6-07).accdb,X:\CRSP Databases\Region 02\Pre-2010 Databases,X:\CRSP Databases\Region 02\Pre-2010 Databases\2018.95.101 Blue Mountain Lake (6-07).accdb
c991ea5559a5f53124d960152db5d94f,.accdb,2018.97.121 Raquette Lake (12-07).accdb,X:\CRSP Databases\Region 02\Pre-2010 Databases,X:\CRSP Databases\Region 02\Pre-2010 Databases\2018.97.121 Raquette Lake (12-07).accdb
21e96a5311ce1414250ba6b852c7a6a2,.accdb,2018.98.101 White Creek (1-08).accdb,X:\CRSP Databases\Region 02\Pre-2010 Databases,X:\CRSP Databases\Region 02\Pre-2010 Databases\2018.98.101 White Creek (1-08).accdb
f2e02c89910f3bc22ed3a2b7b0278363,.accdb,2029.50.121 Sprakers done in 1998 but entered in db in 2017.accdb,X:\CRSP Databases\Region 02\Pre-2010 Databases,X:\CRSP Databases\Region 02\Pre-2010 Databases\2029.50.121 Sprakers done in 1998 but entered in db in 2017.accdb
f923305a3b779d160c3b83c6dffa592b,.accdb,2029.50.321 Sprakers Rte. 5s Bridge Over Flat Creek (05-09).accdb,X:\CRSP Databases\Region 02\Pre-2010 Databases,X:\CRSP Databases\Region 02\Pre-2010 Databases\2029.50.321 Sprakers Rte. 5s Bridge Over Flat Creek (05-09).accdb
ffa6586dea04e33db49991efe999b8aa,.accdb,2030.06.121 Rt. 315 Deansboro Creamery Site Exam (08-09)(older version).accdb,X:\CRSP Databases\Region 02\Pre-2010 Databases,X:\CRSP Databases\Region 02\Pre-2010 Databases\2030.06.121 Rt. 315 Deansboro Creamery Site Exam (08-09)(older version).accdb
427b1fc2e3184e7838b9bea4c125c255,.accdb,2030.06.121 Rt. 315 Deansboro Creamery Site Exam (08-09).accdb,X:\CRSP Databases\Region 02\Pre-2010 Databases,X:\CRSP Databases\Region 02\Pre-2010 Databases\2030.06.121 Rt. 315 Deansboro Creamery Site Exam (08-09).accdb
61090ad8c63d1b5c2209f921ec82361d,.accdb,2030.06.121 Rt. 315 Oriskany Creek (10-08).accdb,X:\CRSP Databases\Region 02\Pre-2010 Databases,X:\CRSP Databases\Region 02\Pre-2010 Databases\2030.06.121 Rt. 315 Oriskany Creek (10-08).accdb
9f58c87b2e4e261869d94d0187f7e466,.accdb,2031.04.121 Rt. 294 Boonville (7-2008).accdb,X:\CRSP Databases\Region 02\Pre-2010 Databases,X:\CRSP Databases\Region 02\Pre-2010 Databases\2031.04.121 Rt. 294 Boonville (7-2008).accdb
14cda38e2c3d85aa79096a86fb319391,.accdb,2037.17.121 Rt. 31 Vernon (12-06).accdb,X:\CRSP Databases\Region 02\Pre-2010 Databases,X:\CRSP Databases\Region 02\Pre-2010 Databases\2037.17.121 Rt. 31 Vernon (12-06).accdb
f717d4d4b315b68472365c2326cf9ff3,.accdb,2037.20.121 Rt. 31 Oneida Creek (11-09).accdb,X:\CRSP Databases\Region 02\Pre-2010 Databases,X:\CRSP Databases\Region 02\Pre-2010 Databases\2037.20.121 Rt. 31 Oneida Creek (11-09).accdb
9fcd5b440542d48b08c042d849041fb7,.accdb,2037.20.121 Rt. 31 Oneida Creek (11-09)_Backup.accdb,X:\CRSP Databases\Region 02\Pre-2010 Databases,X:\CRSP Databases\Region 02\Pre-2010 Databases\2037.20.121 Rt. 31 Oneida Creek (11-09)_Backup.accdb
66c4f989c58d87964efca79eedc2c31e,.accdb,2038.21.121 Verona North (8-04) .accdb,X:\CRSP Databases\Region 02\Pre-2010 Databases,X:\CRSP Databases\Region 02\Pre-2010 Databases\2038.21.121 Verona North (8-04) .accdb
7d430f8a561c9c33c5e359e7736af7d6,.accdb,2038.28.121 Verona South (7-04).accdb,X:\CRSP Databases\Region 02\Pre-2010 Databases,X:\CRSP Databases\Region 02\Pre-2010 Databases\2038.28.121 Verona South (7-04).accdb
fbb53af74baff91caead014851144e44,.accdb,2038.28.121 Verona South Addendum (2004).accdb,X:\CRSP Databases\Region 02\Pre-2010 Databases,X:\CRSP Databases\Region 02\Pre-2010 Databases\2038.28.121 Verona South Addendum (2004).accdb
bb44e96a777a6426d6a08ad3985cb0d9,.accdb,2038.29.121 Verona Add. (12-06).accdb,X:\CRSP Databases\Region 02\Pre-2010 Databases,X:\CRSP Databases\Region 02\Pre-2010 Databases\2038.29.121 Verona Add. (12-06).accdb
e61a39b9896a049419893586b839169a,.accdb,2038.30.101 Rt 365 over Mudd Creek (5-07).accdb,X:\CRSP Databases\Region 02\Pre-2010 Databases,X:\CRSP Databases\Region 02\Pre-2010 Databases\2038.30.101 Rt 365 over Mudd Creek (5-07).accdb
3cd916791e5dcd68f3882988e9e1a38a,.accdb,2044.59.121 Mayfield-Proposed Public Road (05-09).accdb,X:\CRSP Databases\Region 02\Pre-2010 Databases,X:\CRSP Databases\Region 02\Pre-2010 Databases\2044.59.121 Mayfield-Proposed Public Road (05-09).accdb
f6f7f774e226584411d94b759268069b,.accdb,2044.59.121 Vail Mills rte 29&30 (1-08).accdb,X:\CRSP Databases\Region 02\Pre-2010 Databases,X:\CRSP Databases\Region 02\Pre-2010 Databases\2044.59.121 Vail Mills rte 29&30 (1-08).accdb
48b4eb61f4bbdffe1a54aef7ac6e33f4,.accdb,2044.61.121 Amsterdam-12-97 (UPDATE).accdb,X:\CRSP Databases\Region 02\Pre-2010 Databases,X:\CRSP Databases\Region 02\Pre-2010 Databases\2044.61.121 Amsterdam-12-97 (UPDATE).accdb
5094bbbc8c70f13321c6020eb4e4ceda,.accdb,2044.61.121 Log City Road (11-07).accdb,X:\CRSP Databases\Region 02\Pre-2010 Databases,X:\CRSP Databases\Region 02\Pre-2010 Databases\2044.61.121 Log City Road (11-07).accdb
61f8dfe320f85b6a726d383c000b0945,.accdb,2044.85 Rt 30 over Sacandaga.accdb,X:\CRSP Databases\Region 02\Pre-2010 Databases,X:\CRSP Databases\Region 02\Pre-2010 Databases\2044.85 Rt 30 over Sacandaga.accdb
613782b4b96aa747c57c7d1f683724fd,.accdb,"2056.75.121 Rt 5,8,12 Interchange.accdb",X:\CRSP Databases\Region 02\Pre-2010 Databases,"X:\CRSP Databases\Region 02\Pre-2010 Databases\2056.75.121 Rt 5,8,12 Interchange.accdb"
2abb225dbccdc756a3a5843dc1230e08,.accdb,2056.81.101 Speculator-06-07.accdb,X:\CRSP Databases\Region 02\Pre-2010 Databases,X:\CRSP Databases\Region 02\Pre-2010 Databases\2056.81.101 Speculator-06-07.accdb
1b8c3aece13478509b5a719614c54910,.accdb,2057.28.101 Rte5-173-09-98 (UPDATE).accdb,X:\CRSP Databases\Region 02\Pre-2010 Databases,X:\CRSP Databases\Region 02\Pre-2010 Databases\2057.28.101 Rte5-173-09-98 (UPDATE).accdb
794381407294b48b0f38785ca7b49291,.accdb,2057.46.121 Rt 13 Canastota 11-07.accdb,X:\CRSP Databases\Region 02\Pre-2010 Databases,X:\CRSP Databases\Region 02\Pre-2010 Databases\2057.46.121 Rt 13 Canastota 11-07.accdb
b61ce0d4f9ec4c61cd12d69316adee9f,.accdb,2071.07.121 Rte. 291 over Erie (6-06).accdb,X:\CRSP Databases\Region 02\Pre-2010 Databases,X:\CRSP Databases\Region 02\Pre-2010 Databases\2071.07.121 Rte. 291 over Erie (6-06).accdb
6f5a8a7c530c772f7ed426584873008f,.accdb,2095.30.101 Canajoharie (1995).accdb,X:\CRSP Databases\Region 02\Pre-2010 Databases,X:\CRSP Databases\Region 02\Pre-2010 Databases\2095.30.101 Canajoharie (1995).accdb
c7a8fe58ce22439ec468e687c7a11a90,.accdb,2095.31.121 Rts. 163 & CR 88 Canajoharie (7-2008).accdb,X:\CRSP Databases\Region 02\Pre-2010 Databases,X:\CRSP Databases\Region 02\Pre-2010 Databases\2095.31.121 Rts. 163 & CR 88 Canajoharie (7-2008).accdb
5d74b16077b3db0a39d77723b3651679,.accdb,2095.34.101 Canajoharie (11-02) (UPDATE).accdb,X:\CRSP Databases\Region 02\Pre-2010 Databases,X:\CRSP Databases\Region 02\Pre-2010 Databases\2095.34.101 Canajoharie (11-02) (UPDATE).accdb
353453b31d2a6272910e9c61dd93d0cb,.accdb,2095.35.101 Canajoharie (10-01) (UPDATE).accdb,X:\CRSP Databases\Region 02\Pre-2010 Databases,X:\CRSP Databases\Region 02\Pre-2010 Databases\2095.35.101 Canajoharie (10-01) (UPDATE).accdb
f7a1d21aaa2bc1073ff4701bd6e6060d,.accdb,2125.15.121 Fonda (12-06).accdb,X:\CRSP Databases\Region 02\Pre-2010 Databases,X:\CRSP Databases\Region 02\Pre-2010 Databases\2125.15.121 Fonda (12-06).accdb
7b0981cbdb2e17ebad194f92e6ac591d,.accdb,2125.15.121 Fonda 1-07.accdb,X:\CRSP Databases\Region 02\Pre-2010 Databases,X:\CRSP Databases\Region 02\Pre-2010 Databases\2125.15.121 Fonda 1-07.accdb
4ca68be95e13607217b6a99d929df265,.accdb,2125.16.101 Rt 30A & 67 (5-2008).accdb,X:\CRSP Databases\Region 02\Pre-2010 Databases,X:\CRSP Databases\Region 02\Pre-2010 Databases\2125.16.101 Rt 30A & 67 (5-2008).accdb
82067b7243114ad198aff3f4c7353d29,.accdb,2134-39-121 Canastota-6-00 (UPDATE).accdb,X:\CRSP Databases\Region 02\Pre-2010 Databases,X:\CRSP Databases\Region 02\Pre-2010 Databases\2134-39-121 Canastota-6-00 (UPDATE).accdb
163bd0e04520c928143a9584b5f4b8ac,.accdb,2134.14.121 Denny Site (2000) (UPDATE).accdb,X:\CRSP Databases\Region 02\Pre-2010 Databases,X:\CRSP Databases\Region 02\Pre-2010 Databases\2134.14.121 Denny Site (2000) (UPDATE).accdb
c5bfce0eef237ea2b5ba1505225ab473,.accdb,2134.14.121 Sullivan-07-98 (UPDATE).accdb,X:\CRSP Databases\Region 02\Pre-2010 Databases,X:\CRSP Databases\Region 02\Pre-2010 Databases\2134.14.121 Sullivan-07-98 (UPDATE).accdb
1e7f7c5002a5fbd0c1cddfe4221902dd,.accdb,2134.18.121 Fonda (2005).accdb,X:\CRSP Databases\Region 02\Pre-2010 Databases,X:\CRSP Databases\Region 02\Pre-2010 Databases\2134.18.121 Fonda (2005).accdb
9a554486491e39d6ed79c795bf3cb889,.accdb,2134.27.101 Oneida Rt 5 (2005).accdb,X:\CRSP Databases\Region 02\Pre-2010 Databases,X:\CRSP Databases\Region 02\Pre-2010 Databases\2134.27.101 Oneida Rt 5 (2005).accdb
0b40aa36aa2ab18250e10f5b714008af,.accdb,"2134.41.124 Rte 5,8,12 Addendum (05-09).accdb",X:\CRSP Databases\Region 02\Pre-2010 Databases,"X:\CRSP Databases\Region 02\Pre-2010 Databases\2134.41.124 Rte 5,8,12 Addendum (05-09).accdb"
c3da82789d9eb14c87a1a79278c87f42,.accdb,2166.19.121 FortPlain-10-97 (UPDATE).accdb,X:\CRSP Databases\Region 02\Pre-2010 Databases,X:\CRSP Databases\Region 02\Pre-2010 Databases\2166.19.121 FortPlain-10-97 (UPDATE).accdb
ee816948967ad512d1cd28960e8b9292,.accdb,2203-05-122 Oriskany II-5-01 (UPDATE).accdb,X:\CRSP Databases\Region 02\Pre-2010 Databases,X:\CRSP Databases\Region 02\Pre-2010 Databases\2203-05-122 Oriskany II-5-01 (UPDATE).accdb
a9d49b6bcd0527bb971252099c596a8b,.accdb,2203.05.122 Oriskany Parking Areas original 2002 but entered in updated db in 2017.accdb,X:\CRSP Databases\Region 02\Pre-2010 Databases,X:\CRSP Databases\Region 02\Pre-2010 Databases\2203.05.122 Oriskany Parking Areas original 2002 but entered in updated db in 2017.accdb
afcbd32be62269f32713d8c7c21e71df,.accdb,2236.22.121 Rt. 29 Over Spruce Creek (6-06).accdb,X:\CRSP Databases\Region 02\Pre-2010 Databases,X:\CRSP Databases\Region 02\Pre-2010 Databases\2236.22.121 Rt. 29 Over Spruce Creek (6-06).accdb
4ec0e0197b50823ab70f2f8bf7ebe80a,.accdb,2236.24.121 Johnstown (10-98) 2006 Corrections.accdb,X:\CRSP Databases\Region 02\Pre-2010 Databases,X:\CRSP Databases\Region 02\Pre-2010 Databases\2236.24.121 Johnstown (10-98) 2006 Corrections.accdb
1181de5d7cf2818fb8c3e1ecfe27bd8b,.accdb,2236.24.121 Rte29-Johnstown-(10-98) (UPDATE).accdb,X:\CRSP Databases\Region 02\Pre-2010 Databases,X:\CRSP Databases\Region 02\Pre-2010 Databases\2236.24.121 Rte29-Johnstown-(10-98) (UPDATE).accdb
f9679bab0cfdce7274b2bbeb1c37fed6,.accdb,2303.38.121 Oneida Rt 46 Railroad crossing (6-06).accdb,X:\CRSP Databases\Region 02\Pre-2010 Databases,X:\CRSP Databases\Region 02\Pre-2010 Databases\2303.38.121 Oneida Rt 46 Railroad crossing (6-06).accdb
7f33093e254bacef7f2483c0bec65e7f,.accdb,2303.47.101 Rte 46 Wells Creek (5-07).accdb,X:\CRSP Databases\Region 02\Pre-2010 Databases,X:\CRSP Databases\Region 02\Pre-2010 Databases\2303.47.101 Rte 46 Wells Creek (5-07).accdb
c0017cf8a9d9994940d67b2b83184b3c,.accdb,2752.83.101 Leonardsville-10-97 (UPDATE).accdb,X:\CRSP Databases\Region 02\Pre-2010 Databases,X:\CRSP Databases\Region 02\Pre-2010 Databases\2752.83.101 Leonardsville-10-97 (UPDATE).accdb
f1d9f11cc118b69df726a21255c561fe,.accdb,2753.20.121 Johnny Cake (12-03) STP Notes.accdb,X:\CRSP Databases\Region 02\Pre-2010 Databases,X:\CRSP Databases\Region 02\Pre-2010 Databases\2753.20.121 Johnny Cake (12-03) STP Notes.accdb
c6043cffe23da0f87e7ed12b4956f2eb,.accdb,2753.20.121 Johnny Cake (12-03).accdb,X:\CRSP Databases\Region 02\Pre-2010 Databases,X:\CRSP Databases\Region 02\Pre-2010 Databases\2753.20.121 Johnny Cake (12-03).accdb
0961ce0faaf90b706f43d655e95c1cff,.accdb,2801-27-122 Hobby House Farm Site (4-99) (UPDATE).accdb,X:\CRSP Databases\Region 02\Pre-2010 Databases,X:\CRSP Databases\Region 02\Pre-2010 Databases\2801-27-122 Hobby House Farm Site (4-99) (UPDATE).accdb
dfbf2ee23658bb6da41ece70d1afc277,.accdb,2801.27.122 - Judd Road Survey (Hobby Site) foxpro.accdb,X:\CRSP Databases\Region 02\Pre-2010 Databases,X:\CRSP Databases\Region 02\Pre-2010 Databases\2801.27.122 - Judd Road Survey (Hobby Site) foxpro.accdb
12a3c1fafd73e10b1e36454d808ea776,.accdb,2801.27.122 Judd Road Extension Addendum B (05-11).accdb,X:\CRSP Databases\Region 02\Pre-2010 Databases,X:\CRSP Databases\Region 02\Pre-2010 Databases\2801.27.122 Judd Road Extension Addendum B (05-11).accdb
1ec8f3046f6603826169ae82045086f2,.accdb,2801.27.123 Oriskany (12-06).accdb,X:\CRSP Databases\Region 02\Pre-2010 Databases,X:\CRSP Databases\Region 02\Pre-2010 Databases\2801.27.123 Oriskany (12-06).accdb
0628edbe8198532299b627fb577374c2,.accdb,2802.72.122 Rome (8-00) (UPDATE).accdb,X:\CRSP Databases\Region 02\Pre-2010 Databases,X:\CRSP Databases\Region 02\Pre-2010 Databases\2802.72.122 Rome (8-00) (UPDATE).accdb
3a62966d3b45ac5f634f0e9a8a95dbf5,.accdb,2804.43.101 Rt 80 Stark (6-06).accdb,X:\CRSP Databases\Region 02\Pre-2010 Databases,X:\CRSP Databases\Region 02\Pre-2010 Databases\2804.43.101 Rt 80 Stark (6-06).accdb
ae6f6f3a6e4715bc0604c8017f68dc47,.accdb,2804.81.121 Fonda Slope Wall.accdb,X:\CRSP Databases\Region 02\Pre-2010 Databases,X:\CRSP Databases\Region 02\Pre-2010 Databases\2804.81.121 Fonda Slope Wall.accdb
e73d8d7cb9f51aaac01dae178d153732,.accdb,2804.82.101 Georgetown Rte. 26 (6-08).accdb,X:\CRSP Databases\Region 02\Pre-2010 Databases,X:\CRSP Databases\Region 02\Pre-2010 Databases\2804.82.101 Georgetown Rte. 26 (6-08).accdb
a3a8ae7ec92e4f61cf83f5d4f5ba6264,.accdb,2805.00.101 Rte 5 Rock Catchment (05-09).accdb,X:\CRSP Databases\Region 02\Pre-2010 Databases,X:\CRSP Databases\Region 02\Pre-2010 Databases\2805.00.101 Rte 5 Rock Catchment (05-09).accdb
7c0560967dbf9f00b9751d98030c9a88,.accdb,2805.04.121 Rt. 291 Marcy (10-08).accdb,X:\CRSP Databases\Region 02\Pre-2010 Databases,X:\CRSP Databases\Region 02\Pre-2010 Databases\2805.04.121 Rt. 291 Marcy (10-08).accdb
3caea8ca2327587dd965fc695be57c9b,.accdb,2805.05.121 Rt. 26 Eaton Culvert (10-08).accdb,X:\CRSP Databases\Region 02\Pre-2010 Databases,X:\CRSP Databases\Region 02\Pre-2010 Databases\2805.05.121 Rt. 26 Eaton Culvert (10-08).accdb
b5b6a3678f5b2d0e849e78bbaee60231,.accdb,A031.01.701 Upper Castleton (10-2009).accdb,X:\CRSP Databases\Region 02\Pre-2010 Databases,X:\CRSP Databases\Region 02\Pre-2010 Databases\A031.01.701 Upper Castleton (10-2009).accdb
75b67744261b762717718081656f7ece,.accdb,Backup of A031.01.701 Upper Castleton (10-2009).accdb,X:\CRSP Databases\Region 02\Pre-2010 Databases,X:\CRSP Databases\Region 02\Pre-2010 Databases\Backup of A031.01.701 Upper Castleton (10-2009).accdb
25aa4e2406abae943d826def56c241b2,.accdb,HMLA.00.201 Alder Creek-07-98 (UPDATE).accdb,X:\CRSP Databases\Region 02\Pre-2010 Databases,X:\CRSP Databases\Region 02\Pre-2010 Databases\HMLA.00.201 Alder Creek-07-98 (UPDATE).accdb
703f4acdcb9d9fb97b6cd3df8cfc4cb5,.accdb,2018.71.121 Thendara Dowling House Site (8-99) (UPDATE).accdb,X:\CRSP Databases\Region 02\Pre-2010 Databases\Thendara 2018.71.121 (1999),X:\CRSP Databases\Region 02\Pre-2010 Databases\Thendara 2018.71.121 (1999)\2018.71.121 Thendara Dowling House Site (8-99) (UPDATE).accdb
67a50227f8aa772e097db19c1547df54,.accdb,2018.71.121 Thendara-Spain's Boarding House Site (1999) (UPDATE).accdb,X:\CRSP Databases\Region 02\Pre-2010 Databases\Thendara 2018.71.121 (1999),X:\CRSP Databases\Region 02\Pre-2010 Databases\Thendara 2018.71.121 (1999)\2018.71.121 Thendara-Spain's Boarding House Site (1999) (UPDATE).accdb
72f790fc4ffce8baec00f1708f73d1db,.accdb,3005.13.101 Elbridge (04-10).accdb,X:\CRSP Databases\Region 03,X:\CRSP Databases\Region 03\3005.13.101 Elbridge (04-10).accdb
4d2b6a4eb3011f4c76d8f7770c884f97,.accdb,3005.13.101 Elbridge Bridge Removal Monitoring (11-10).accdb,X:\CRSP Databases\Region 03,X:\CRSP Databases\Region 03\3005.13.101 Elbridge Bridge Removal Monitoring (11-10).accdb
63a93287a9139016eec8233a78523f3c,.accdb,3021.19.121 Rt. 89 Tyre (01-10).accdb,X:\CRSP Databases\Region 03,X:\CRSP Databases\Region 03\3021.19.121 Rt. 89 Tyre (01-10).accdb
ecfa0fb40cff8066198e9ec80b134b7c,.accdb,3023.06.121 Rt 69 Drainage Easement (10-10).accdb,X:\CRSP Databases\Region 03,X:\CRSP Databases\Region 03\3023.06.121 Rt 69 Drainage Easement (10-10).accdb
d3b84f86596681a8eeedde41077bb212,.accdb,3023.08.121 Mexico Rte. 69 Over Little Salmon River (09-11).accdb,X:\CRSP Databases\Region 03,X:\CRSP Databases\Region 03\3023.08.121 Mexico Rte. 69 Over Little Salmon River (09-11).accdb
fe4a54cf4d6d2ea94c38efcaf07da18c,.accdb,3037.56.121 New Belgium Db (2001) (UPDATE) (BUSTED DATABASE).accdb,X:\CRSP Databases\Region 03,X:\CRSP Databases\Region 03\3037.56.121 New Belgium Db (2001) (UPDATE) (BUSTED DATABASE).accdb
ab64ce611b4459c2cf46eee6894c9512,.accdb,3056.20.121 SR 481 Scriba-Churchill (11-11).accdb,X:\CRSP Databases\Region 03,X:\CRSP Databases\Region 03\3056.20.121 SR 481 Scriba-Churchill (11-11).accdb
05963a24c3ea1a5692cbc2bda57b0e4f,.accdb,3057.56.101 Cayuga Heights Rd over Rt. 13 (08-10).accdb,X:\CRSP Databases\Region 03,X:\CRSP Databases\Region 03\3057.56.101 Cayuga Heights Rd over Rt. 13 (08-10).accdb
a09c9d9cfb58c1ab2905b542fd523c20,.accdb,3057.57.101 Rt 13 over Carter Creek Add (12-10).accdb,X:\CRSP Databases\Region 03,X:\CRSP Databases\Region 03\3057.57.101 Rt 13 over Carter Creek Add (12-10).accdb
fe63beb3ce4ad504241ce4c328e733e8,.accdb,3076.16.101 Rene Menard Bridge Replacement (10-13).accdb,X:\CRSP Databases\Region 03,X:\CRSP Databases\Region 03\3076.16.101 Rene Menard Bridge Replacement (10-13).accdb
ce67b0df4db53e51a33e67ade2270d98,.accdb,3076.21.101 Elbridge Addendum (12-2017).accdb,X:\CRSP Databases\Region 03,X:\CRSP Databases\Region 03\3076.21.101 Elbridge Addendum (12-2017).accdb
01dd4388c0df17a3cdfc5b37cd38d02c,.accdb,3076.21.101 Rt. 5 Elbridge (8-2016).accdb,X:\CRSP Databases\Region 03,X:\CRSP Databases\Region 03\3076.21.101 Rt. 5 Elbridge (8-2016).accdb
03896bcf520b8e69355b3ec7c1af3175,.accdb,3076.21.101 Rt. 5 Elbridge (8-2016)NEW.accdb,X:\CRSP Databases\Region 03,X:\CRSP Databases\Region 03\3076.21.101 Rt. 5 Elbridge (8-2016)NEW.accdb
e4afe2ff01123dc647357f8b1b33ad08,.accdb,3155.28.121 Union Springs (10-2017).accdb,X:\CRSP Databases\Region 03,X:\CRSP Databases\Region 03\3155.28.121 Union Springs (10-2017).accdb
18af82aeeee0c76ab0e668f98c6f3c94,.accdb,3169.05.101 34B over Salmon Creek (06-2018).accdb,X:\CRSP Databases\Region 03,X:\CRSP Databases\Region 03\3169.05.101 34B over Salmon Creek (06-2018).accdb
5e437b544f5f5a4da80ec2d937ed8a34,.accdb,3287.20.101 Rte. 370 over Seneca (10-11).accdb,X:\CRSP Databases\Region 03,X:\CRSP Databases\Region 03\3287.20.101 Rte. 370 over Seneca (10-11).accdb
b432c34589982e8edfc434c8a924b2d7,.accdb,3441.06.121 NY Rte. 176 @ CR 7 Addendum (09-12).accdb,X:\CRSP Databases\Region 03,X:\CRSP Databases\Region 03\3441.06.121 NY Rte. 176 @ CR 7 Addendum (09-12).accdb
63657089a93f876c570782c7ef05978b,.accdb,3501.52.121 Sentinal Heights Addendum (04-10).accdb,X:\CRSP Databases\Region 03,X:\CRSP Databases\Region 03\3501.52.121 Sentinal Heights Addendum (04-10).accdb
b8615b9becf2d876258428f21b624dbd,.accdb,3753.76.121 North Burdick Addendum (10-10).accdb,X:\CRSP Databases\Region 03,X:\CRSP Databases\Region 03\3753.76.121 North Burdick Addendum (10-10).accdb
dba01f051a4e2e68747dd2adcee8455d,.accdb,3805.44.121 Granby Rte 176 Marker 176-3402-1053 (07-10).accdb,X:\CRSP Databases\Region 03,X:\CRSP Databases\Region 03\3805.44.121 Granby Rte 176 Marker 176-3402-1053 (07-10).accdb
9be806ee7f27a62db50ca744319e6b65,.accdb,3805.44.121 Granby Rte 176 Marker 176-3402-1065 (07-10).accdb,X:\CRSP Databases\Region 03,X:\CRSP Databases\Region 03\3805.44.121 Granby Rte 176 Marker 176-3402-1065 (07-10).accdb
1bafa8f7600a2bf1d284bcbc6fb01759,.accdb,3805.44.121 Hannibal (07-10).accdb,X:\CRSP Databases\Region 03,X:\CRSP Databases\Region 03\3805.44.121 Hannibal (07-10).accdb
3086a3cedcc1ae273060a78794d4168b,.accdb,3805.44.121 Hannibal 1027 (05-10).accdb,X:\CRSP Databases\Region 03,X:\CRSP Databases\Region 03\3805.44.121 Hannibal 1027 (05-10).accdb
a16d9c869c57bc8ad67bc97e7482a214,.accdb,3805.44.121 Henry Stacy Site (11-10).accdb,X:\CRSP Databases\Region 03,X:\CRSP Databases\Region 03\3805.44.121 Henry Stacy Site (11-10).accdb
c03184ec8449853a3d5e7370b2a6468f,.accdb,3805.44.121 Lafayette Culvert (10-10).accdb,X:\CRSP Databases\Region 03,X:\CRSP Databases\Region 03\3805.44.121 Lafayette Culvert (10-10).accdb
3fe44d34124871350effc65f9c91dfd5,.accdb,3805.44.121 Minetto Rt. 48 Culvert (10-10).accdb,X:\CRSP Databases\Region 03,X:\CRSP Databases\Region 03\3805.44.121 Minetto Rt. 48 Culvert (10-10).accdb
b533bd767867577e57cbf84d98f38752,.accdb,3805.44.121 New Haven Rt. 104 (09-10).accdb,X:\CRSP Databases\Region 03,X:\CRSP Databases\Region 03\3805.44.121 New Haven Rt. 104 (09-10).accdb
efb33f3964f5925c7bf2680bdbdda976,.accdb,3805.44.121 Rt. 264 at Biddlecom Rd (05-10).accdb,X:\CRSP Databases\Region 03,X:\CRSP Databases\Region 03\3805.44.121 Rt. 264 at Biddlecom Rd (05-10).accdb
04d912fb277ba2892684a03e0917b3bf,.accdb,3805.44.121 Schroeppel Rte. 49 (08-10).accdb,X:\CRSP Databases\Region 03,X:\CRSP Databases\Region 03\3805.44.121 Schroeppel Rte. 49 (08-10).accdb
ab514a633124f19d3029d6ede21be16d,.accdb,3805.45.101 Onondaga Lake Parkway (04-12).accdb,X:\CRSP Databases\Region 03,X:\CRSP Databases\Region 03\3805.45.101 Onondaga Lake Parkway (04-12).accdb
efd2703e5ff483d8ea426a62f8a439a3,.accdb,3806.28.121 Mexico Culvert on Rt 104 (12-11).accdb,X:\CRSP Databases\Region 03,X:\CRSP Databases\Region 03\3806.28.121 Mexico Culvert on Rt 104 (12-11).accdb
ad689a4e5aca6a6c2a4bdfd4a99bcfe8,.accdb,3806.39.121 Cleveland (6-10).accdb,X:\CRSP Databases\Region 03,X:\CRSP Databases\Region 03\3806.39.121 Cleveland (6-10).accdb
30f87d738525ac711a87bd39446ff87c,.accdb,3806.39.121 Hannibal (6-10).accdb,X:\CRSP Databases\Region 03,X:\CRSP Databases\Region 03\3806.39.121 Hannibal (6-10).accdb
429a504b7e7cb0e15b0279139a428061,.accdb,3806.39.121 Port Byron (06-10).accdb,X:\CRSP Databases\Region 03,X:\CRSP Databases\Region 03\3806.39.121 Port Byron (06-10).accdb
55b717b9f7881ef4edb8b4537479c926,.accdb,3806.39.121 Pulaski (7-10).accdb,X:\CRSP Databases\Region 03,X:\CRSP Databases\Region 03\3806.39.121 Pulaski (7-10).accdb
6cfdec9bddfb275cfaba7ad229130024,.accdb,3806.39.121 Weedsport (06-10).accdb,X:\CRSP Databases\Region 03,X:\CRSP Databases\Region 03\3806.39.121 Weedsport (06-10).accdb
59c4e14981e3ead78dc3994c68de33c5,.accdb,3806.39.121 Williamstown (07-10).accdb,X:\CRSP Databases\Region 03,X:\CRSP Databases\Region 03\3806.39.121 Williamstown (07-10).accdb
7357dfab8e9239ca7d52db6ad1090060,.accdb,3806.47.121 Constantia (05-10).accdb,X:\CRSP Databases\Region 03,X:\CRSP Databases\Region 03\3806.47.121 Constantia (05-10).accdb
ce529799da1923deedd21207e169f364,.accdb,3806.81.101 Aurelius Culvert Rte. 5 & 20 (12-13).accdb,X:\CRSP Databases\Region 03,X:\CRSP Databases\Region 03\3806.81.101 Aurelius Culvert Rte. 5 & 20 (12-13).accdb
0b14a8bb151e9d0690525a7128920099,.accdb,3807.39.101 Fayette Rt 414 Culvert C310070 (10-2016).accdb,X:\CRSP Databases\Region 03,X:\CRSP Databases\Region 03\3807.39.101 Fayette Rt 414 Culvert C310070 (10-2016).accdb
c2004b3849fe7778486455a121ecc4c0,.accdb,3807.39.101 Mud Creek Rt. 3 Culvert Replacement C350007 (7-2016).accdb,X:\CRSP Databases\Region 03,X:\CRSP Databases\Region 03\3807.39.101 Mud Creek Rt. 3 Culvert Replacement C350007 (7-2016).accdb
0877c267c97f684fadc536d32ae32faa,.accdb,3807.39.101 NY 414 Fayette (8-2016).accdb,X:\CRSP Databases\Region 03,X:\CRSP Databases\Region 03\3807.39.101 NY 414 Fayette (8-2016).accdb
6ba23951ba013e8ff34d7baa80fd426c,.accdb,3807.39.101 NY 414 Fayette SITE EXAM (6-2017).accdb,X:\CRSP Databases\Region 03,X:\CRSP Databases\Region 03\3807.39.101 NY 414 Fayette SITE EXAM (6-2017).accdb
188672ef5c8527e29fb1a5f6fd18e0d5,.accdb,3M00.18.101 Tompkins Residency.accdb,X:\CRSP Databases\Region 03,X:\CRSP Databases\Region 03\3M00.18.101 Tompkins Residency.accdb
69399937a3cffcb878b447336f9f9b81,.accdb,James Powell.accdb,X:\CRSP Databases\Region 03,X:\CRSP Databases\Region 03\James Powell.accdb
48952c06597924ee0c3ebb0719d2e045,.accdb,3314.34.121 Auburn Cato Plank Road (12-09).accdb,X:\CRSP Databases\Region 03\altered database,X:\CRSP Databases\Region 03\altered database\3314.34.121 Auburn Cato Plank Road (12-09).accdb
6531147938d99d58d5c3cbe432672426,.accdb,3314.34.121 Rt. 34 over Barge Canal (7-08).accdb,X:\CRSP Databases\Region 03\altered database,X:\CRSP Databases\Region 03\altered database\3314.34.121 Rt. 34 over Barge Canal (7-08).accdb
3f6cce12be6e3c4307650e074161c626,.accdb,3806.39.121 Port Byron (06-10).accdb,X:\CRSP Databases\Region 03\altered database,X:\CRSP Databases\Region 03\altered database\3806.39.121 Port Byron (06-10).accdb
66505fc4289777d94d81901f1b1814a1,.accdb,3010.15.121 Manlius (09-01) (UPDATE).accdb,X:\CRSP Databases\Region 03\Pre-2010 Databases,X:\CRSP Databases\Region 03\Pre-2010 Databases\3010.15.121 Manlius (09-01) (UPDATE).accdb
51e0fa81f8d02b8d41e9581d6313482d,.accdb,3013.07.121 Marcellus-12-99 (UPDATE).accdb,X:\CRSP Databases\Region 03\Pre-2010 Databases,X:\CRSP Databases\Region 03\Pre-2010 Databases\3013.07.121 Marcellus-12-99 (UPDATE).accdb
960cf222e73c88eeb738868ec7999524,.accdb,3015.26.101 Richland - Port Ontario (1996).accdb,X:\CRSP Databases\Region 03\Pre-2010 Databases,X:\CRSP Databases\Region 03\Pre-2010 Databases\3015.26.101 Richland - Port Ontario (1996).accdb
d09f4369b8f6330527690fc0d58e5daf,.accdb,3015.26.321 Port Ontario Wood Roadway (2001).accdb,X:\CRSP Databases\Region 03\Pre-2010 Databases,X:\CRSP Databases\Region 03\Pre-2010 Databases\3015.26.321 Port Ontario Wood Roadway (2001).accdb
ac9dccdba69bbeaf8c4cab2f8ec78050,.accdb,3015.32.101 SandyCreek-11-98 (UPDATE).accdb,X:\CRSP Databases\Region 03\Pre-2010 Databases,X:\CRSP Databases\Region 03\Pre-2010 Databases\3015.32.101 SandyCreek-11-98 (UPDATE).accdb
0a58e30c19555bd2d127e55a4d37bf3b,.accdb,3019.14.121 Jamesville (11-00) (UPDATE).accdb,X:\CRSP Databases\Region 03\Pre-2010 Databases,X:\CRSP Databases\Region 03\Pre-2010 Databases\3019.14.121 Jamesville (11-00) (UPDATE).accdb
bdfbb11621a9cec6c8fff87bdd630043,.accdb,3019.14.121 Jamesville-06-98 (UPDATE).accdb,X:\CRSP Databases\Region 03\Pre-2010 Databases,X:\CRSP Databases\Region 03\Pre-2010 Databases\3019.14.121 Jamesville-06-98 (UPDATE).accdb
e92df419c7d723bff0cd5ba2cb6d3a7c,.accdb,3019.14.121-Jamesvillemill-06-98.accdb,X:\CRSP Databases\Region 03\Pre-2010 Databases,X:\CRSP Databases\Region 03\Pre-2010 Databases\3019.14.121-Jamesvillemill-06-98.accdb
9fdcc8f0f9f41b492536dbfa5db94d9f,.accdb,3019.15.101 Warners (1997).accdb,X:\CRSP Databases\Region 03\Pre-2010 Databases,X:\CRSP Databases\Region 03\Pre-2010 Databases\3019.15.101 Warners (1997).accdb
c60d74c3386c9ca21df9229e4360eaca,.accdb,3022.32.101 Owasco Site Exam-2-01 (UPDATE).accdb,X:\CRSP Databases\Region 03\Pre-2010 Databases,X:\CRSP Databases\Region 03\Pre-2010 Databases\3022.32.101 Owasco Site Exam-2-01 (UPDATE).accdb
5ed0498cb44b3aace9c531c9e196bbfe,.accdb,3022.32.101 Owasco Survey-12-98 [UPDATE].accdb,X:\CRSP Databases\Region 03\Pre-2010 Databases,X:\CRSP Databases\Region 03\Pre-2010 Databases\3022.32.101 Owasco Survey-12-98 [UPDATE].accdb
7111ffa227762b17e01f2bb71ba5f3ee,.accdb,3023.07.121 Rt. 69 Mexico (12-07).accdb,X:\CRSP Databases\Region 03\Pre-2010 Databases,X:\CRSP Databases\Region 03\Pre-2010 Databases\3023.07.121 Rt. 69 Mexico (12-07).accdb
eef952ddea74afc493660238bbdb7542,.accdb,3034.92.101 Sennett - 6-98 [UPDATE].accdb,X:\CRSP Databases\Region 03\Pre-2010 Databases,X:\CRSP Databases\Region 03\Pre-2010 Databases\3034.92.101 Sennett - 6-98 [UPDATE].accdb
3dfd3fca41e71526ea099d866582f0cf,.accdb,3037.53.102 Euclid Survey (11-97) (UPDATE).accdb,X:\CRSP Databases\Region 03\Pre-2010 Databases,X:\CRSP Databases\Region 03\Pre-2010 Databases\3037.53.102 Euclid Survey (11-97) (UPDATE).accdb
0bae506c8dedb2ca85c9f979d7665fa6,.accdb,3037.53.102 Vandenburgh Data Recovery (12-01) (UPDATE).accdb,X:\CRSP Databases\Region 03\Pre-2010 Databases,X:\CRSP Databases\Region 03\Pre-2010 Databases\3037.53.102 Vandenburgh Data Recovery (12-01) (UPDATE).accdb
261020fc813a19ca69ba759d1bc046bc,.accdb,3037.53.102 Vandenburgh site exam (7-00) (UPDATE).accdb,X:\CRSP Databases\Region 03\Pre-2010 Databases,X:\CRSP Databases\Region 03\Pre-2010 Databases\3037.53.102 Vandenburgh site exam (7-00) (UPDATE).accdb
d52c7a51eb032e13ef5c74317628a233,.accdb,3037.56.101 Belgium Survey 12-97  ACCESSION VERSION.accdb,X:\CRSP Databases\Region 03\Pre-2010 Databases,X:\CRSP Databases\Region 03\Pre-2010 Databases\3037.56.101 Belgium Survey 12-97  ACCESSION VERSION.accdb
353f549185e772d3cf5d17dfb9aa0e3d,.accdb,3037.56.101 Belgium Survey 12-97 (UPDATE).accdb,X:\CRSP Databases\Region 03\Pre-2010 Databases,X:\CRSP Databases\Region 03\Pre-2010 Databases\3037.56.101 Belgium Survey 12-97 (UPDATE).accdb
33b21125a1c24dac3056ab71643b7316,.accdb,3037.56.121 belgium (STP notes)-4-00 (UPDATE).accdb,X:\CRSP Databases\Region 03\Pre-2010 Databases,X:\CRSP Databases\Region 03\Pre-2010 Databases\3037.56.121 belgium (STP notes)-4-00 (UPDATE).accdb
6d346902c564614018d7b290b2645f83,.accdb,3037.56.121 belgium report (2001) (CONVERTED).accdb,X:\CRSP Databases\Region 03\Pre-2010 Databases,X:\CRSP Databases\Region 03\Pre-2010 Databases\3037.56.121 belgium report (2001) (CONVERTED).accdb
ad9b273209bfde0258e6210afcfd6e95,.accdb,3037.56.121 belgium report (2001) (SERIOUSLY BUSTED UPGRADE).accdb,X:\CRSP Databases\Region 03\Pre-2010 Databases,X:\CRSP Databases\Region 03\Pre-2010 Databases\3037.56.121 belgium report (2001) (SERIOUSLY BUSTED UPGRADE).accdb
a5142711abe2e36938dbdcb1f83813bf,.accdb,3037.56.121 Belgium Rt. 31 (4-00) (UPDATE).accdb,X:\CRSP Databases\Region 03\Pre-2010 Databases,X:\CRSP Databases\Region 03\Pre-2010 Databases\3037.56.121 Belgium Rt. 31 (4-00) (UPDATE).accdb
cd754c5276649eaf6eefee2c8615e098,.accdb,3037.56.121 Belgium-Bailey Site copied from New Belgium db.accdb,X:\CRSP Databases\Region 03\Pre-2010 Databases,X:\CRSP Databases\Region 03\Pre-2010 Databases\3037.56.121 Belgium-Bailey Site copied from New Belgium db.accdb
e823af99b2c0e5b9073ff7524322e1ca,.accdb,3037.56.121 New Belgium Db (2001) (UPDATE) (BUSTED DATABASE).accdb,X:\CRSP Databases\Region 03\Pre-2010 Databases,X:\CRSP Databases\Region 03\Pre-2010 Databases\3037.56.121 New Belgium Db (2001) (UPDATE) (BUSTED DATABASE).accdb
4f02f90f294cf5c48a4912c2a73d97d6,.accdb,3037.59.101 Rt31-I481-Clay-2-02 (UPDATE).accdb,X:\CRSP Databases\Region 03\Pre-2010 Databases,X:\CRSP Databases\Region 03\Pre-2010 Databases\3037.59.101 Rt31-I481-Clay-2-02 (UPDATE).accdb
3ada15ef348ec868e10afce91308a03c,.accdb,3042.09.121 Cincinnatus-06-99 (UPDATE).accdb,X:\CRSP Databases\Region 03\Pre-2010 Databases,X:\CRSP Databases\Region 03\Pre-2010 Databases\3042.09.121 Cincinnatus-06-99 (UPDATE).accdb
d44b518bb993e585c81f5064275ff642,.accdb,3045.45.101 Rte 104 Oswege Bridge Replacement (10-00).accdb,X:\CRSP Databases\Region 03\Pre-2010 Databases,X:\CRSP Databases\Region 03\Pre-2010 Databases\3045.45.101 Rte 104 Oswege Bridge Replacement (10-00).accdb
88946fafe3ee3d4337ab4b1844f25c9d,.accdb,3045.51.101 Rte104-Oswego-12-04.accdb,X:\CRSP Databases\Region 03\Pre-2010 Databases,X:\CRSP Databases\Region 03\Pre-2010 Databases\3045.51.101 Rte104-Oswego-12-04.accdb
5464d762c678d79426e751dad08f67f3,.accdb,"3045.51.121 Dr. Snyder, Grange, and Mattison Sites.accdb",X:\CRSP Databases\Region 03\Pre-2010 Databases,"X:\CRSP Databases\Region 03\Pre-2010 Databases\3045.51.121 Dr. Snyder, Grange, and Mattison Sites.accdb"
127166e3134d6b9ac25ac40d014a80e6,.accdb,3045.51.121 Mrs. Stone Site (10-2008).accdb,X:\CRSP Databases\Region 03\Pre-2010 Databases,X:\CRSP Databases\Region 03\Pre-2010 Databases\3045.51.121 Mrs. Stone Site (10-2008).accdb
7ac86ed1b9db4a71a77bdddc18827b10,.accdb,3045.51.121 Rt. 104 Oswego Wetland Mitigation Areas (9-2008 and 9-2009).accdb,X:\CRSP Databases\Region 03\Pre-2010 Databases,X:\CRSP Databases\Region 03\Pre-2010 Databases\3045.51.121 Rt. 104 Oswego Wetland Mitigation Areas (9-2008 and 9-2009).accdb
30cec499bf893d02f5a93a82b9ab916b,.accdb,3045.51.121 Rte 104 Oswego ACCESSION VERSION.accdb,X:\CRSP Databases\Region 03\Pre-2010 Databases,X:\CRSP Databases\Region 03\Pre-2010 Databases\3045.51.121 Rte 104 Oswego ACCESSION VERSION.accdb
c15b2cff06008db25ab70e86d3cde16b,.accdb,3045.51.121 Rte104-Oswego-12-04 STP Notes.accdb,X:\CRSP Databases\Region 03\Pre-2010 Databases,X:\CRSP Databases\Region 03\Pre-2010 Databases\3045.51.121 Rte104-Oswego-12-04 STP Notes.accdb
0dce02c7b02ade421ee3eff3956e4198,.accdb,3045.55.121 Chodubski Site COMBINED SE & DR (04-11).accdb,X:\CRSP Databases\Region 03\Pre-2010 Databases,X:\CRSP Databases\Region 03\Pre-2010 Databases\3045.55.121 Chodubski Site COMBINED SE & DR (04-11).accdb
ae1e577247bf50b6fa0fbb4fdaa08046,.accdb,3045.55.121 Chodubski Site Data Recovery (11-09).accdb,X:\CRSP Databases\Region 03\Pre-2010 Databases,X:\CRSP Databases\Region 03\Pre-2010 Databases\3045.55.121 Chodubski Site Data Recovery (11-09).accdb
7c55250c3d504e368573b211346374c2,.accdb,3045.55.121 Rt 104 Addendum (5-08).accdb,X:\CRSP Databases\Region 03\Pre-2010 Databases,X:\CRSP Databases\Region 03\Pre-2010 Databases\3045.55.121 Rt 104 Addendum (5-08).accdb
360f0e51ac083bcf96d6ec25627c0570,.accdb,3047.24.121 Waterloo (1998) (UPDATE).accdb,X:\CRSP Databases\Region 03\Pre-2010 Databases,X:\CRSP Databases\Region 03\Pre-2010 Databases\3047.24.121 Waterloo (1998) (UPDATE).accdb
de5ca20fc0e73a8e062f705389d89ed5,.accdb,3057.44.121 Cortland-4-99 (UPDATE).accdb,X:\CRSP Databases\Region 03\Pre-2010 Databases,X:\CRSP Databases\Region 03\Pre-2010 Databases\3057.44.121 Cortland-4-99 (UPDATE).accdb
4445f2bebcba4029908cd83fdd737698,.accdb,3057.44.121 Cortland-Henry Hotel-10-99 (UPDATE).accdb,X:\CRSP Databases\Region 03\Pre-2010 Databases,X:\CRSP Databases\Region 03\Pre-2010 Databases\3057.44.121 Cortland-Henry Hotel-10-99 (UPDATE).accdb
d212f3487d92f5a1163187dd52408edd,.accdb,3057.52.121  Williamstown.accdb,X:\CRSP Databases\Region 03\Pre-2010 Databases,X:\CRSP Databases\Region 03\Pre-2010 Databases\3057.52.121  Williamstown.accdb
82c9dadfe80507dae479806a9ddf5f1b,.accdb,3057.52.121  Williamstown_Backup.accdb,X:\CRSP Databases\Region 03\Pre-2010 Databases,X:\CRSP Databases\Region 03\Pre-2010 Databases\3057.52.121  Williamstown_Backup.accdb
85db42380c4dcef1788248bf62675969,.accdb,3057.57.121 Carter Creek Combined Survey & Site Exam.accdb,X:\CRSP Databases\Region 03\Pre-2010 Databases,X:\CRSP Databases\Region 03\Pre-2010 Databases\3057.57.121 Carter Creek Combined Survey & Site Exam.accdb
487aa974039958630869e9423b0cfc86,.accdb,3057.57.121 Carter Creek Site Exams (7-09).accdb,X:\CRSP Databases\Region 03\Pre-2010 Databases,X:\CRSP Databases\Region 03\Pre-2010 Databases\3057.57.121 Carter Creek Site Exams (7-09).accdb
9c428f773a67d16a9e730108013ca64d,.accdb,3057.57.121 Rt. 13 Bridge Over Carter Creek (11-08).accdb,X:\CRSP Databases\Region 03\Pre-2010 Databases,X:\CRSP Databases\Region 03\Pre-2010 Databases\3057.57.121 Rt. 13 Bridge Over Carter Creek (11-08).accdb
0e61286ec3afafd198ed39f91d150721,.accdb,3082.14.121 Manlius-05-98 (UPDATE).accdb,X:\CRSP Databases\Region 03\Pre-2010 Databases,X:\CRSP Databases\Region 03\Pre-2010 Databases\3082.14.121 Manlius-05-98 (UPDATE).accdb
bdb9a85746f4cba76b0a9d5c88355f4c,.accdb,3082.14.121 Manlius-G. Reals Site-05-98 (UPDATE).accdb,X:\CRSP Databases\Region 03\Pre-2010 Databases,X:\CRSP Databases\Region 03\Pre-2010 Databases\3082.14.121 Manlius-G. Reals Site-05-98 (UPDATE).accdb
146cf49c42c3bc71cef6535ba573fbf1,.accdb,3082.14.121 Manlius-W. Filmore Site (1998) (UPDATE).accdb,X:\CRSP Databases\Region 03\Pre-2010 Databases,X:\CRSP Databases\Region 03\Pre-2010 Databases\3082.14.121 Manlius-W. Filmore Site (1998) (UPDATE).accdb
1d63e3fe5f2216098813b164a4dc3129,.accdb,3082.15.121 Manlius Center- 7-00 (UPDATE) (MESSED UP DATABASE).accdb,X:\CRSP Databases\Region 03\Pre-2010 Databases,X:\CRSP Databases\Region 03\Pre-2010 Databases\3082.15.121 Manlius Center- 7-00 (UPDATE) (MESSED UP DATABASE).accdb
8e2b9c6588736f3bd288ac2643f1f807,.accdb,3102.19.121 Solon-06-99 (UPDATE).accdb,X:\CRSP Databases\Region 03\Pre-2010 Databases,X:\CRSP Databases\Region 03\Pre-2010 Databases\3102.19.121 Solon-06-99 (UPDATE).accdb
968c6c44be55a041d25b0c8c03e8676e,.accdb,3104.18.101 Rte 298 Bear Street (1-09).accdb,X:\CRSP Databases\Region 03\Pre-2010 Databases,X:\CRSP Databases\Region 03\Pre-2010 Databases\3104.18.101 Rte 298 Bear Street (1-09).accdb
a9b80642cc143c723e4b6091fc4edcbb,.accdb,3111.20.121 Tully (3-01) (UPDATE).accdb,X:\CRSP Databases\Region 03\Pre-2010 Databases,X:\CRSP Databases\Region 03\Pre-2010 Databases\3111.20.121 Tully (3-01) (UPDATE).accdb
dcbc8f609157dde7baaf69aee1796fee,.accdb,3140.09.121 Dresserville (Artifacts Only) (2003) (UPDATE).accdb,X:\CRSP Databases\Region 03\Pre-2010 Databases,X:\CRSP Databases\Region 03\Pre-2010 Databases\3140.09.121 Dresserville (Artifacts Only) (2003) (UPDATE).accdb
19109b2ef42a3f0e0b3865b3430660f9,.accdb,3140.09.121 Dresserville (Fieldnotes only) (2003)  (UPDATE).accdb,X:\CRSP Databases\Region 03\Pre-2010 Databases,X:\CRSP Databases\Region 03\Pre-2010 Databases\3140.09.121 Dresserville (Fieldnotes only) (2003)  (UPDATE).accdb
7bf82c8163bc974ce3fa1002824f7479,.accdb,3287.15.121 Meridian Rte.370 (2004).accdb,X:\CRSP Databases\Region 03\Pre-2010 Databases,X:\CRSP Databases\Region 03\Pre-2010 Databases\3287.15.121 Meridian Rte.370 (2004).accdb
ce609d45f299e263fc2a876e7bdf3f81,.accdb,3287.16.121 Mills Rd (7-04) .accdb,X:\CRSP Databases\Region 03\Pre-2010 Databases,X:\CRSP Databases\Region 03\Pre-2010 Databases\3287.16.121 Mills Rd (7-04) .accdb
cd7fc0b9b2a5eba96ab0ba3cb11d4323,.accdb,3287.16.121 Route 370 Site Exam2004 and 2006.accdb,X:\CRSP Databases\Region 03\Pre-2010 Databases,X:\CRSP Databases\Region 03\Pre-2010 Databases\3287.16.121 Route 370 Site Exam2004 and 2006.accdb
c15bac8d83c6505cac876cae9a4a5a4a,.accdb,3287.16.121 Route 370 Survey 10-99 (UPDATE).accdb,X:\CRSP Databases\Region 03\Pre-2010 Databases,X:\CRSP Databases\Region 03\Pre-2010 Databases\3287.16.121 Route 370 Survey 10-99 (UPDATE).accdb
758cc31d192b2bdc6d8685d330ff7c9e,.accdb,3314.32.121 Sennett-06-98 (UPDATE).accdb,X:\CRSP Databases\Region 03\Pre-2010 Databases,X:\CRSP Databases\Region 03\Pre-2010 Databases\3314.32.121 Sennett-06-98 (UPDATE).accdb
b95e0a436982a497b43f93b198e9e5cf,.accdb,3314.34.121 Auburn Cato Plank Road (12-09).accdb,X:\CRSP Databases\Region 03\Pre-2010 Databases,X:\CRSP Databases\Region 03\Pre-2010 Databases\3314.34.121 Auburn Cato Plank Road (12-09).accdb
2cf96f8488fe5049c66db37bfed53184,.accdb,3314.34.121 Rt. 34 over Barge Canal (7-08).accdb,X:\CRSP Databases\Region 03\Pre-2010 Databases,X:\CRSP Databases\Region 03\Pre-2010 Databases\3314.34.121 Rt. 34 over Barge Canal (7-08).accdb
e184b58a85ab850f2e90070565344423,.accdb,3501.42.121 Bartell Rd (2-27-05).accdb,X:\CRSP Databases\Region 03\Pre-2010 Databases,X:\CRSP Databases\Region 03\Pre-2010 Databases\3501.42.121 Bartell Rd (2-27-05).accdb
c5cdb5a1beb1525bd4deba389594d46d,.accdb,3501.52.101 Sentinel Rd (12-08).accdb,X:\CRSP Databases\Region 03\Pre-2010 Databases,X:\CRSP Databases\Region 03\Pre-2010 Databases\3501.52.101 Sentinel Rd (12-08).accdb
78a735796485fe7da0c6531b45e11e3e,.accdb,3752.33.101 Blackcreek-12-97 (UPDATE).accdb,X:\CRSP Databases\Region 03\Pre-2010 Databases,X:\CRSP Databases\Region 03\Pre-2010 Databases\3752.33.101 Blackcreek-12-97 (UPDATE).accdb
7e4664728555aaec17acc18e2e8f2fac,.accdb,3753.16.121 Burdick & Bowman (6-07).accdb,X:\CRSP Databases\Region 03\Pre-2010 Databases,X:\CRSP Databases\Region 03\Pre-2010 Databases\3753.16.121 Burdick & Bowman (6-07).accdb
fb8c14b2432b401c70de9c0726c4d295,.accdb,3753.76.121 Burdick-Erie Canal (6-07).accdb,X:\CRSP Databases\Region 03\Pre-2010 Databases,X:\CRSP Databases\Region 03\Pre-2010 Databases\3753.76.121 Burdick-Erie Canal (6-07).accdb
bbb6fa12bc8cd2e0d4326d04cf13fb88,.accdb,3753.76.121 N. Burdick St. Bridge Replacement Phase II.accdb,X:\CRSP Databases\Region 03\Pre-2010 Databases,X:\CRSP Databases\Region 03\Pre-2010 Databases\3753.76.121 N. Burdick St. Bridge Replacement Phase II.accdb
73c11175b25a9eef79d2a3f32e651086,.accdb,3804.06.121 Bartell Road Fishing Access-Brewster Site-08-99 (UPDATE).accdb,X:\CRSP Databases\Region 03\Pre-2010 Databases,X:\CRSP Databases\Region 03\Pre-2010 Databases\3804.06.121 Bartell Road Fishing Access-Brewster Site-08-99 (UPDATE).accdb
9992093a3520866ce4671e5acad3d0ed,.accdb,3804.13.101 Kirkville (STP notes)-04-03 (UPDATE).accdb,X:\CRSP Databases\Region 03\Pre-2010 Databases,X:\CRSP Databases\Region 03\Pre-2010 Databases\3804.13.101 Kirkville (STP notes)-04-03 (UPDATE).accdb
6ad5a180670bd75b4ca9691788238f70,.accdb,3804.13.121 Kirkville 10-99 (Save).accdb,X:\CRSP Databases\Region 03\Pre-2010 Databases,X:\CRSP Databases\Region 03\Pre-2010 Databases\3804.13.121 Kirkville 10-99 (Save).accdb
f17b14210a68e6b5f612db2a6e89339b,.accdb,3804.13.121 Kirkville 10-99 (UPDATE)_Backup.accdb,X:\CRSP Databases\Region 03\Pre-2010 Databases,X:\CRSP Databases\Region 03\Pre-2010 Databases\3804.13.121 Kirkville 10-99 (UPDATE)_Backup.accdb
95f25292153d79abd2711fefffba9889,.accdb,3804.13.121 Kirkville Canal-9-03 (Save).accdb,X:\CRSP Databases\Region 03\Pre-2010 Databases,X:\CRSP Databases\Region 03\Pre-2010 Databases\3804.13.121 Kirkville Canal-9-03 (Save).accdb
c3e79d1f135ed340f6d201fe0feed6bd,.accdb,3804.13.121 Kirkville Survey-10-99 (EMPTY).accdb,X:\CRSP Databases\Region 03\Pre-2010 Databases,X:\CRSP Databases\Region 03\Pre-2010 Databases\3804.13.121 Kirkville Survey-10-99 (EMPTY).accdb
42d04c680dbf1c78bb0c4ff1c9bf8f83,.accdb,3804.13.121 Kirkville-4-03.accdb,X:\CRSP Databases\Region 03\Pre-2010 Databases,X:\CRSP Databases\Region 03\Pre-2010 Databases\3804.13.121 Kirkville-4-03.accdb
9f06060507e59657a4c2b3950ed13b55,.accdb,3804.81.301 Crooked Brook Culvert (8-07).accdb,X:\CRSP Databases\Region 03\Pre-2010 Databases,X:\CRSP Databases\Region 03\Pre-2010 Databases\3804.81.301 Crooked Brook Culvert (8-07).accdb
327f2ac4897289222b74698b44213821,.accdb,3805.22.121 370 Dexter Parkway (6-07).accdb,X:\CRSP Databases\Region 03\Pre-2010 Databases,X:\CRSP Databases\Region 03\Pre-2010 Databases\3805.22.121 370 Dexter Parkway (6-07).accdb
a856bd59b56a8b8d98410420da3e05f1,.accdb,4086.16.121 Rt 78 Strykerville (10-2019).accdb,X:\CRSP Databases\Region 04,X:\CRSP Databases\Region 04\4086.16.121 Rt 78 Strykerville (10-2019).accdb
ca19c62ec17f0717aeb3e78800e4fd37,.accdb,5009.13.121 Rt. 83 Arkwright (8-2018).accdb,X:\CRSP Databases\Region 05,X:\CRSP Databases\Region 05\5009.13.121 Rt. 83 Arkwright (8-2018).accdb
d055216d5a431bbff70206c0987a1685,.accdb,5058.50.101 Rt. 60 (06-2019).accdb,X:\CRSP Databases\Region 05,X:\CRSP Databases\Region 05\5058.50.101 Rt. 60 (06-2019).accdb
946e839d3ac85eafe61572a72be3bae4,.accdb,5086.22.121 Tonawanda CSX Railroad (04-11).accdb,X:\CRSP Databases\Region 05,X:\CRSP Databases\Region 05\5086.22.121 Tonawanda CSX Railroad (04-11).accdb
f66ff0eb5cba8d940dd36a5de0cd63fa,.accdb,5134.40.101 NY Rte 5 Over Big Sister Creek (10-11).accdb,X:\CRSP Databases\Region 05,X:\CRSP Databases\Region 05\5134.40.101 NY Rte 5 Over Big Sister Creek (10-11).accdb
bae40a8d37efa3eb832102a2287c5feb,.accdb,5410.54.101 Niagra Falls Monitoring-Intersection 4th St & Robert Moses Parkway (10-2015).accdb,X:\CRSP Databases\Region 05,X:\CRSP Databases\Region 05\5410.54.101 Niagra Falls Monitoring-Intersection 4th St & Robert Moses Parkway (10-2015).accdb
43cf59ac93b6c7a8b6e3cfd6a2eee691,.accdb,5760.40.101 Niagara Falls (09-2013) - Accession Copy.accdb,X:\CRSP Databases\Region 05,X:\CRSP Databases\Region 05\5760.40.101 Niagara Falls (09-2013) - Accession Copy.accdb
ea4a46bd9f2164ccecabc85adbf7352f,.accdb,5760.40.101 Niagara Falls (09-2013).accdb,X:\CRSP Databases\Region 05,X:\CRSP Databases\Region 05\5760.40.101 Niagara Falls (09-2013).accdb
b8dae61e19e723a5345f5de47c05a1d7,.accdb,5811.50.101 Great Valley-Cattaraugus Culvert 510096 (12-13).accdb,X:\CRSP Databases\Region 05,X:\CRSP Databases\Region 05\5811.50.101 Great Valley-Cattaraugus Culvert 510096 (12-13).accdb
e2099944925c38fb857c822e0c1f763e,.accdb,5933.83.101 - Rte 76 - Ripley - 05-07.accdb,X:\CRSP Databases\Region 05\Pre-2010 Databases,X:\CRSP Databases\Region 05\Pre-2010 Databases\5933.83.101 - Rte 76 - Ripley - 05-07.accdb
9665277f44df155c0506cbd0c03610b4,.accdb,6100.09.321 Tyrone Monitoring (04-12).accdb,X:\CRSP Databases\Region 06,X:\CRSP Databases\Region 06\6100.09.321 Tyrone Monitoring (04-12).accdb
c08121f51a725326793a58f54fffaaa9,.accdb,6010.14 Route 54 (2007).accdb,X:\CRSP Databases\Region 06\Pre-2010 Databases,X:\CRSP Databases\Region 06\Pre-2010 Databases\6010.14 Route 54 (2007).accdb
577b0c2f8ea641de81fc1c92678ce131,.accdb,6100.09.122 Tyrone (2009).accdb,X:\CRSP Databases\Region 06\Pre-2010 Databases,X:\CRSP Databases\Region 06\Pre-2010 Databases\6100.09.122 Tyrone (2009).accdb
95c890007664046825a9d83018f88d36,.accdb,7004.06.121 NY 37B (Parker Ave) Massena (11-11).accdb,X:\CRSP Databases\Region 07,X:\CRSP Databases\Region 07\7004.06.121 NY 37B (Parker Ave) Massena (11-11).accdb
2773f9ed48a6bba4fbb0084a98af92e4,.accdb,7012.10.121 Dexter (08-11).accdb,X:\CRSP Databases\Region 07,X:\CRSP Databases\Region 07\7012.10.121 Dexter (08-11).accdb
fab3d87add5a8ec3a3b92c4e0dd64779,.accdb,7035.13.121 Eddie Drive (11-14).accdb,X:\CRSP Databases\Region 07,X:\CRSP Databases\Region 07\7035.13.121 Eddie Drive (11-14).accdb
fc918952409a92ecd032c74507db883a,.accdb,7035.13.121 Eddie Drive (11-14)_Backup.accdb,X:\CRSP Databases\Region 07,X:\CRSP Databases\Region 07\7035.13.121 Eddie Drive (11-14)_Backup.accdb
9e9bcf6451a8e1b7b0dfb2165244f957,.accdb,7042.45.121 Leray (11-17).accdb,X:\CRSP Databases\Region 07,X:\CRSP Databases\Region 07\7042.45.121 Leray (11-17).accdb
21557327189bcb01417435bd34e48c71,.accdb,7067.02.121 St. Regis Falls (06-10).accdb,X:\CRSP Databases\Region 07,X:\CRSP Databases\Region 07\7067.02.121 St. Regis Falls (06-10).accdb
fa9bcc40d1ebbb7cf192b4eae2d06d7f,.accdb,7088.34.121 Gouverneur (10-10).accdb,X:\CRSP Databases\Region 07,X:\CRSP Databases\Region 07\7088.34.121 Gouverneur (10-10).accdb
89efcb6223a1fcc54dbe6627291b8828,.accdb,7111.17.121 NY 12E Chaumont (11-11).accdb,X:\CRSP Databases\Region 07,X:\CRSP Databases\Region 07\7111.17.121 NY 12E Chaumont (11-11).accdb
3a8a5a6722b244e3932a3b860a4e3ceb,.accdb,7143.41.121 Pamelia (10-2016).accdb,X:\CRSP Databases\Region 07,X:\CRSP Databases\Region 07\7143.41.121 Pamelia (10-2016).accdb
184a6f8a898622a3dbed6e03b093f31f,.accdb,7720.84.111 Chazy (08-10).accdb,X:\CRSP Databases\Region 07,X:\CRSP Databases\Region 07\7720.84.111 Chazy (08-10).accdb
c961be134fa2bbd88b80c9d1204ca576,.accdb,7720.85.111 CR 23 (09-10).accdb,X:\CRSP Databases\Region 07,X:\CRSP Databases\Region 07\7720.85.111 CR 23 (09-10).accdb
f1e3b2b49b361d19db66aab4c07d5d6e,.accdb,7720.97.221 NYSDOT Commercial Vehicle Inspection Facility (06-10).accdb,X:\CRSP Databases\Region 07,X:\CRSP Databases\Region 07\7720.97.221 NYSDOT Commercial Vehicle Inspection Facility (06-10).accdb
e428086ad0b982e547c50f8cafe240c6,.accdb,7780.09.121 Brownville (09-11).accdb,X:\CRSP Databases\Region 07,X:\CRSP Databases\Region 07\7780.09.121 Brownville (09-11).accdb
d386ea17aa324fbac3310c2d535e04c6,.accdb,7805.86 Moira (12-2016).accdb,X:\CRSP Databases\Region 07,X:\CRSP Databases\Region 07\7805.86 Moira (12-2016).accdb
e12d627e84b1066f811fe32cfb5e3581,.accdb,7806.59.101 Exit 50 Collins Bay Rd (5-2017).accdb,X:\CRSP Databases\Region 07,X:\CRSP Databases\Region 07\7806.59.101 Exit 50 Collins Bay Rd (5-2017).accdb
cbd102e3b0497b25d9def1dfc54faf81,.accdb,7004.05.101 Massena (1998) (UPDATE).accdb,X:\CRSP Databases\Region 07\Pre-2010 Databases,X:\CRSP Databases\Region 07\Pre-2010 Databases\7004.05.101 Massena (1998) (UPDATE).accdb
c5edd26221fd3a60db982dfff09d8bb1,.accdb,7012.09.101 LaFargeville (2003) (UPDATE).accdb,X:\CRSP Databases\Region 07\Pre-2010 Databases,X:\CRSP Databases\Region 07\Pre-2010 Databases\7012.09.101 LaFargeville (2003) (UPDATE).accdb
a3cbc329f23eddfe92fe88190eaf0cb7,.accdb,7012.09.101-LaFargeville 1 (2003) (UPDATE).accdb,X:\CRSP Databases\Region 07\Pre-2010 Databases,X:\CRSP Databases\Region 07\Pre-2010 Databases\7012.09.101-LaFargeville 1 (2003) (UPDATE).accdb
5df1c942d5d185aaa17937afc39ebc9d,.accdb,7015.84.122 Ellisburg Rte 3 (06-1995).accdb,X:\CRSP Databases\Region 07\Pre-2010 Databases,X:\CRSP Databases\Region 07\Pre-2010 Databases\7015.84.122 Ellisburg Rte 3 (06-1995).accdb
d917b1e9f5e9ff74801303e4a3f6fedc,.accdb,7015.84.122 Ellisburgh (UPDATE -95).accdb,X:\CRSP Databases\Region 07\Pre-2010 Databases,X:\CRSP Databases\Region 07\Pre-2010 Databases\7015.84.122 Ellisburgh (UPDATE -95).accdb
4ac904fb588681e8e0bd7fe4ea54e310,.accdb,7015.84.123 Ellisburgh-06-98 (UPDATE).accdb,X:\CRSP Databases\Region 07\Pre-2010 Databases,X:\CRSP Databases\Region 07\Pre-2010 Databases\7015.84.123 Ellisburgh-06-98 (UPDATE).accdb
fdaa89099fedf48673ef7502f363e10e,.accdb,7016.56.121 Clayton Schoolhouse #7 (8-00) (UPDATE).accdb,X:\CRSP Databases\Region 07\Pre-2010 Databases,X:\CRSP Databases\Region 07\Pre-2010 Databases\7016.56.121 Clayton Schoolhouse #7 (8-00) (UPDATE).accdb
7fe2b016d526b9c3f5e509ab9b2545b2,.accdb,7019.15.121 Rt. 190 (6-06).accdb,X:\CRSP Databases\Region 07\Pre-2010 Databases,X:\CRSP Databases\Region 07\Pre-2010 Databases\7019.15.121 Rt. 190 (6-06).accdb
bc5d616397ccd2560f0b5a9a50c998ce,.accdb,7024.06.1 Morrisonville.accdb,X:\CRSP Databases\Region 07\Pre-2010 Databases,X:\CRSP Databases\Region 07\Pre-2010 Databases\7024.06.1 Morrisonville.accdb
1e86c20ccacbdac50e602260a384539a,.accdb,7033.07.121 Watertown-06-98 (UPDATE).accdb,X:\CRSP Databases\Region 07\Pre-2010 Databases,X:\CRSP Databases\Region 07\Pre-2010 Databases\7033.07.121 Watertown-06-98 (UPDATE).accdb
c443f2deb3801ec77110ed00d01decd2,.accdb,7034.06.101 Big Sucker Brook (10-03) (UPDATE).accdb,X:\CRSP Databases\Region 07\Pre-2010 Databases,X:\CRSP Databases\Region 07\Pre-2010 Databases\7034.06.101 Big Sucker Brook (10-03) (UPDATE).accdb
520df1694ed6eafd74729f5f1fb00a6e,.accdb,7034.06.101 Big Sucker Brook (10-03).accdb,X:\CRSP Databases\Region 07\Pre-2010 Databases,X:\CRSP Databases\Region 07\Pre-2010 Databases\7034.06.101 Big Sucker Brook (10-03).accdb
d7dd757a3a0aed8bdbece0ef4bd81338,.accdb,7042.38.123 Burke Site (10-03) (UPDATE) .accdb,X:\CRSP Databases\Region 07\Pre-2010 Databases,X:\CRSP Databases\Region 07\Pre-2010 Databases\7042.38.123 Burke Site (10-03) (UPDATE) .accdb
53b6a97fbd04086ba72788bc864eeb70,.accdb,7049.16.101 Heuvelton (12-04) STP Notes.accdb,X:\CRSP Databases\Region 07\Pre-2010 Databases,X:\CRSP Databases\Region 07\Pre-2010 Databases\7049.16.101 Heuvelton (12-04) STP Notes.accdb
ba69f302943d6526d618aee9b36210cc,.accdb,7049.16.122 Heuvelton (12-04).accdb,X:\CRSP Databases\Region 07\Pre-2010 Databases,X:\CRSP Databases\Region 07\Pre-2010 Databases\7049.16.122 Heuvelton (12-04).accdb
20ebfec0bec16ad2e50b1a9cdb66b375,.accdb,7078.15.122 NY11B Malone (1997).accdb,X:\CRSP Databases\Region 07\Pre-2010 Databases,X:\CRSP Databases\Region 07\Pre-2010 Databases\7078.15.122 NY11B Malone (1997).accdb
bfdc17ac95b4850f8d0d303eda78e0c4,.accdb,7078.15.122 Rt. 11B Dickenson (7-2008).accdb,X:\CRSP Databases\Region 07\Pre-2010 Databases,X:\CRSP Databases\Region 07\Pre-2010 Databases\7078.15.122 Rt. 11B Dickenson (7-2008).accdb
2a3bd9f209bc543515d157d4e40c1206,.accdb,7088.31.121 Macomb 10-06.accdb,X:\CRSP Databases\Region 07\Pre-2010 Databases,X:\CRSP Databases\Region 07\Pre-2010 Databases\7088.31.121 Macomb 10-06.accdb
e6e1ac6cc5314783d1c23a9d076f85dd,.accdb,7088.31.121 Macomb 10-06_Backup.accdb,X:\CRSP Databases\Region 07\Pre-2010 Databases,X:\CRSP Databases\Region 07\Pre-2010 Databases\7088.31.121 Macomb 10-06_Backup.accdb
2f9ba0e06a92803f4777594a9ead7385,.accdb,7088.31.121 Morristown 09-06.accdb,X:\CRSP Databases\Region 07\Pre-2010 Databases,X:\CRSP Databases\Region 07\Pre-2010 Databases\7088.31.121 Morristown 09-06.accdb
e3047556b3fd7d5a069d6896dab76b7f,.accdb,7111.19.101 Three Mile Bay (10-03) Carlisle Site.accdb,X:\CRSP Databases\Region 07\Pre-2010 Databases,X:\CRSP Databases\Region 07\Pre-2010 Databases\7111.19.101 Three Mile Bay (10-03) Carlisle Site.accdb
bb3cdb4a7837e221143fa54ca70b6b44,.accdb,7111.19.101 Three Mile Bay (10-03).accdb,X:\CRSP Databases\Region 07\Pre-2010 Databases,X:\CRSP Databases\Region 07\Pre-2010 Databases\7111.19.101 Three Mile Bay (10-03).accdb
a1607da582585722a253b55ad0918416,.accdb,7111.19.101 Three Mile Bay SITE EXAMS (10-06).accdb,X:\CRSP Databases\Region 07\Pre-2010 Databases,X:\CRSP Databases\Region 07\Pre-2010 Databases\7111.19.101 Three Mile Bay SITE EXAMS (10-06).accdb
bae9f92eae04a87b70edc86235ddbfa1,.accdb,7111.20.121 Cape Vincent (1-07).accdb,X:\CRSP Databases\Region 07\Pre-2010 Databases,X:\CRSP Databases\Region 07\Pre-2010 Databases\7111.20.121 Cape Vincent (1-07).accdb
057a2aec23a08a86a8d6be91d639646c,.accdb,7130.19 Rt 22-Beekmantown-09-03.accdb,X:\CRSP Databases\Region 07\Pre-2010 Databases,X:\CRSP Databases\Region 07\Pre-2010 Databases\7130.19 Rt 22-Beekmantown-09-03.accdb
1e3d0d3dd209dc794e9dced940b215a6,.accdb,7130.19.121 Beekmantown Addendum (06-05).accdb,X:\CRSP Databases\Region 07\Pre-2010 Databases,X:\CRSP Databases\Region 07\Pre-2010 Databases\7130.19.121 Beekmantown Addendum (06-05).accdb
9c07a9aa78a30612c696ac68bbad4f5f,.accdb,7130.19.121Beekmantown III.accdb,X:\CRSP Databases\Region 07\Pre-2010 Databases,X:\CRSP Databases\Region 07\Pre-2010 Databases\7130.19.121Beekmantown III.accdb
5dfd73fddaa01524bfe7ff1248f76182,.accdb,"7143.07.121 Brown Farm, Fuller Farm and Barry House Sites (A1999-27) (1996) (UPDATE).accdb",X:\CRSP Databases\Region 07\Pre-2010 Databases,"X:\CRSP Databases\Region 07\Pre-2010 Databases\7143.07.121 Brown Farm, Fuller Farm and Barry House Sites (A1999-27) (1996) (UPDATE).accdb"
cc6cadebaae762732927c748f8326209,.accdb,7143.18.122 (Evans Mill Site I + II) Leray (1997) (UPDATE).accdb,X:\CRSP Databases\Region 07\Pre-2010 Databases,X:\CRSP Databases\Region 07\Pre-2010 Databases\7143.18.122 (Evans Mill Site I + II) Leray (1997) (UPDATE).accdb
4250c429d99a30fdd480a51a55444142,.accdb,7143.18.122 Leray (1997) (UPDATE).accdb,X:\CRSP Databases\Region 07\Pre-2010 Databases,X:\CRSP Databases\Region 07\Pre-2010 Databases\7143.18.122 Leray (1997) (UPDATE).accdb
bfc8f767769e656e9477f2ab3bfde821,.accdb,7143.25.121 Adams- Watertown Site Exams 09-05.accdb,X:\CRSP Databases\Region 07\Pre-2010 Databases,X:\CRSP Databases\Region 07\Pre-2010 Databases\7143.25.121 Adams- Watertown Site Exams 09-05.accdb
a1ca6356079c42e0d4d6a442c57469db,.accdb,7143.25.121 Adams- Watertown STP NOTES-10-03.accdb,X:\CRSP Databases\Region 07\Pre-2010 Databases,X:\CRSP Databases\Region 07\Pre-2010 Databases\7143.25.121 Adams- Watertown STP NOTES-10-03.accdb
b7d2cbc43abec6aedf1cdc7946fb95d7,.accdb,7143.25.121 Adams-Watertown (7-03).accdb,X:\CRSP Databases\Region 07\Pre-2010 Databases,X:\CRSP Databases\Region 07\Pre-2010 Databases\7143.25.121 Adams-Watertown (7-03).accdb
9489da489d6a78d8860638ccb3531ac0,.accdb,7143.26.121 Adams Center SITE EXAM-9-02 (UPDATE).accdb,X:\CRSP Databases\Region 07\Pre-2010 Databases,X:\CRSP Databases\Region 07\Pre-2010 Databases\7143.26.121 Adams Center SITE EXAM-9-02 (UPDATE).accdb
a19adcc5719a9592a678b6ceb57cba24,.accdb,7143.26.121 Adams Center-08-99 (UPDATE).accdb,X:\CRSP Databases\Region 07\Pre-2010 Databases,X:\CRSP Databases\Region 07\Pre-2010 Databases\7143.26.121 Adams Center-08-99 (UPDATE).accdb
7c37fed926e71dfb985706e28f685a7f,.accdb,7143.27.121 Canton Rt 11 (2005).accdb,X:\CRSP Databases\Region 07\Pre-2010 Databases,X:\CRSP Databases\Region 07\Pre-2010 Databases\7143.27.121 Canton Rt 11 (2005).accdb
dd1377b4293f18baf1dd597110ac278f,.accdb,7143.29.121 Mannsville.accdb,X:\CRSP Databases\Region 07\Pre-2010 Databases,X:\CRSP Databases\Region 07\Pre-2010 Databases\7143.29.121 Mannsville.accdb
8c2b9605a089607a6df0b19d894f62a1,.accdb,7143.31.121 Gouverneur Rt 11 (2006 & 2007).accdb,X:\CRSP Databases\Region 07\Pre-2010 Databases,X:\CRSP Databases\Region 07\Pre-2010 Databases\7143.31.121 Gouverneur Rt 11 (2006 & 2007).accdb
881099ad141f82ea7628e6c94f998163,.accdb,7500.74.121 CR 63 and Michael Rd Watertown (6-08).accdb,X:\CRSP Databases\Region 07\Pre-2010 Databases,X:\CRSP Databases\Region 07\Pre-2010 Databases\7500.74.121 CR 63 and Michael Rd Watertown (6-08).accdb
ba3f61f8edcdb73cf8a928a0ac47a1ae,.accdb,7720.71.121 Plattsburgh (1998) (UPDATE).accdb,X:\CRSP Databases\Region 07\Pre-2010 Databases,X:\CRSP Databases\Region 07\Pre-2010 Databases\7720.71.121 Plattsburgh (1998) (UPDATE).accdb
1332346b7038073bd41cb106be2dd370,.accdb,7720.79.211 Champlain Drive-In (06-09).accdb,X:\CRSP Databases\Region 07\Pre-2010 Databases,X:\CRSP Databases\Region 07\Pre-2010 Databases\7720.79.211 Champlain Drive-In (06-09).accdb
0c11d668b1f2f06b77809939e10f24fd,.accdb,7720.88.111 Rt 22 over I-87.accdb,X:\CRSP Databases\Region 07\Pre-2010 Databases,X:\CRSP Databases\Region 07\Pre-2010 Databases\7720.88.111 Rt 22 over I-87.accdb
670b2ca464f88b2cbc0ef9337052ee45,.accdb,7720.89.111 NY 442 Peru (8-2008).accdb,X:\CRSP Databases\Region 07\Pre-2010 Databases,X:\CRSP Databases\Region 07\Pre-2010 Databases\7720.89.111 NY 442 Peru (8-2008).accdb
18d794c8799b02ae261b7c4bdd25d89c,.accdb,7720.97.221 Champlain Vehicle Facility (06-09).accdb,X:\CRSP Databases\Region 07\Pre-2010 Databases,X:\CRSP Databases\Region 07\Pre-2010 Databases\7720.97.221 Champlain Vehicle Facility (06-09).accdb
4a37c121f8b978317d9af24f7f1b8f63,.accdb,7751.90.122 Antwerp (1996).accdb,X:\CRSP Databases\Region 07\Pre-2010 Databases,X:\CRSP Databases\Region 07\Pre-2010 Databases\7751.90.122 Antwerp (1996).accdb
49d15bc313f8c55f995713b05feaa2c3,.accdb,7752.02.121 Ellisburg (1995) (UPDATE).accdb,X:\CRSP Databases\Region 07\Pre-2010 Databases,X:\CRSP Databases\Region 07\Pre-2010 Databases\7752.02.121 Ellisburg (1995) (UPDATE).accdb
7806ce97607f621f94473950be4859f8,.accdb,7780.04.101 Parishville (1999) STP Notes (UPDATE).accdb,X:\CRSP Databases\Region 07\Pre-2010 Databases,X:\CRSP Databases\Region 07\Pre-2010 Databases\7780.04.101 Parishville (1999) STP Notes (UPDATE).accdb
e337b128821eceed6015432f5a374b52,.accdb,7780.04.101 Parishville Data Recovery 03-05.accdb,X:\CRSP Databases\Region 07\Pre-2010 Databases,X:\CRSP Databases\Region 07\Pre-2010 Databases\7780.04.101 Parishville Data Recovery 03-05.accdb
541ea5d1980dca96168dc4c7f2b28ca8,.accdb,7780.04.101 Parishville Site Exam (2000) (UPDATE).accdb,X:\CRSP Databases\Region 07\Pre-2010 Databases,X:\CRSP Databases\Region 07\Pre-2010 Databases\7780.04.101 Parishville Site Exam (2000) (UPDATE).accdb
7430c71b6b22a4465c17b1bd9cfd8268,.accdb,7780.04.101 Parishville Survey (1999) (UPDATE).accdb,X:\CRSP Databases\Region 07\Pre-2010 Databases,X:\CRSP Databases\Region 07\Pre-2010 Databases\7780.04.101 Parishville Survey (1999) (UPDATE).accdb
da1c08269411035e8b563633f77f4a68,.accdb,7780.04.101-Parishville (2003) (copy) (UPDATE).accdb,X:\CRSP Databases\Region 07\Pre-2010 Databases,X:\CRSP Databases\Region 07\Pre-2010 Databases\7780.04.101-Parishville (2003) (copy) (UPDATE).accdb
9bf747961b029dd6d4c3412c7b16e816,.accdb,7780.04.101-Parishville (2003) (UPDATE).accdb,X:\CRSP Databases\Region 07\Pre-2010 Databases,X:\CRSP Databases\Region 07\Pre-2010 Databases\7780.04.101-Parishville (2003) (UPDATE).accdb
f8baaef89d4496cf93ae3cbb671d6504,.accdb,7780.04.101-Parishville (2003) STP Notes (UPDATE).accdb,X:\CRSP Databases\Region 07\Pre-2010 Databases,X:\CRSP Databases\Region 07\Pre-2010 Databases\7780.04.101-Parishville (2003) STP Notes (UPDATE).accdb
0fe74629aefc065305d916ab949f4203,.accdb,7780.04.102 Parishville Addemdum 05-05.accdb,X:\CRSP Databases\Region 07\Pre-2010 Databases,X:\CRSP Databases\Region 07\Pre-2010 Databases\7780.04.102 Parishville Addemdum 05-05.accdb
7ec8f342e2697edfdbc31898fdcb4685,.accdb,7804.89.101 Waddington (05-09).accdb,X:\CRSP Databases\Region 07\Pre-2010 Databases,X:\CRSP Databases\Region 07\Pre-2010 Databases\7804.89.101 Waddington (05-09).accdb
b412a659882b68cf8540258c5ab67bc3,.accdb,8009.11.121 Pine Plains (9-2017).accdb,X:\CRSP Databases\Region 08,X:\CRSP Databases\Region 08\8009.11.121 Pine Plains (9-2017).accdb
32255b65641c2ab97d5e45643129b818,.accdb,8018.46.121 Mt. Tremper (12-2017) .accdb,X:\CRSP Databases\Region 08,X:\CRSP Databases\Region 08\8018.46.121 Mt. Tremper (12-2017) .accdb
5ae38764c484001d4d046882c2504e43,.accdb,8045.05.101 Rte 139 (5-15).accdb,X:\CRSP Databases\Region 08,X:\CRSP Databases\Region 08\8045.05.101 Rte 139 (5-15).accdb
b1f42830b4faada085999dfc896e03a8,.accdb,"8053.04 Rt. 301, Town of Kent, Putnam Co original done 1987 (re-entered in 2016).accdb",X:\CRSP Databases\Region 08,"X:\CRSP Databases\Region 08\8053.04 Rt. 301, Town of Kent, Putnam Co original done 1987 (re-entered in 2016).accdb"
318ea45406ef173517a67adfa08465eb,.accdb,8065.01.101 I-84 and Route 17 Interchange (06-10).accdb,X:\CRSP Databases\Region 08,X:\CRSP Databases\Region 08\8065.01.101 I-84 and Route 17 Interchange (06-10).accdb
784cf76855bc687974c8e8ff27483f10,.accdb,8101.46.121 Hutchinson River Parkway (07-2018).accdb,X:\CRSP Databases\Region 08,X:\CRSP Databases\Region 08\8101.46.121 Hutchinson River Parkway (07-2018).accdb
3be212619bd228fc622dcaa20700b6be,.accdb,8127.26.101 Pudding Street Taconic (01-11).accdb,X:\CRSP Databases\Region 08,X:\CRSP Databases\Region 08\8127.26.101 Pudding Street Taconic (01-11).accdb
4054f956138bf5190090578bb607fce1,.accdb,8145.17.121 E. Rowhowski Site Rt. 211 Addendum (07-10).accdb,X:\CRSP Databases\Region 08,X:\CRSP Databases\Region 08\8145.17.121 E. Rowhowski Site Rt. 211 Addendum (07-10).accdb
1b2fe6fec7e50fa1d20dacd88c6f5c82,.accdb,8177.49.101 Route 209 over Fantine Kill (05-2018).accdb,X:\CRSP Databases\Region 08,X:\CRSP Databases\Region 08\8177.49.101 Route 209 over Fantine Kill (05-2018).accdb
3ef587561ad117d7798a6dc27934db9d,.accdb,"8216.84.121 I. G. Graham Site Exam, Pleasantville (06-2018).accdb",X:\CRSP Databases\Region 08,"X:\CRSP Databases\Region 08\8216.84.121 I. G. Graham Site Exam, Pleasantville (06-2018).accdb"
da6de75ea02297efaa8903fb318ab1a9,.accdb,8216.84.121 Pleasantville (7-2017).accdb,X:\CRSP Databases\Region 08,X:\CRSP Databases\Region 08\8216.84.121 Pleasantville (7-2017).accdb
e9c1948ca4253b8c49baaa19e9521454,.accdb,8239.38.101 Marlboro 9W at Young Ave (04-10).accdb,X:\CRSP Databases\Region 08,X:\CRSP Databases\Region 08\8239.38.101 Marlboro 9W at Young Ave (04-10).accdb
8d4f5e103654e1fd9fc97443797bb63f,.accdb,8327.38.101 Rt. 9D St. Philips Chruch Wall Repair (09-12).accdb,X:\CRSP Databases\Region 08,X:\CRSP Databases\Region 08\8327.38.101 Rt. 9D St. Philips Chruch Wall Repair (09-12).accdb
44d9ed311a6a226d938b346a05763e81,.accdb,8393.24.121 NY 376 at Robinson Ln (11-11).accdb,X:\CRSP Databases\Region 08,X:\CRSP Databases\Region 08\8393.24.121 NY 376 at Robinson Ln (11-11).accdb
b0546ece3448f99b0e5f00ce03334d3d,.accdb,8393.24.121 O'Donnell Flotation .accdb,X:\CRSP Databases\Region 08,X:\CRSP Databases\Region 08\8393.24.121 O'Donnell Flotation .accdb
6f74a079eeeabc9add5e2a2112e00440,.accdb,"8393.24.121 O'Donnell Site Data Recovery, Fishkill (5-2017).accdb",X:\CRSP Databases\Region 08,"X:\CRSP Databases\Region 08\8393.24.121 O'Donnell Site Data Recovery, Fishkill (5-2017).accdb"
cc417a0443dc3a8d2747806597991f06,.accdb,8463.15.101 Rosendale (11-11).accdb,X:\CRSP Databases\Region 08,X:\CRSP Databases\Region 08\8463.15.101 Rosendale (11-11).accdb
f91fe011d032f440c1f7efe62a59959c,.accdb,8561.34.121 Yorktown Heights (01-10).accdb,X:\CRSP Databases\Region 08,X:\CRSP Databases\Region 08\8561.34.121 Yorktown Heights (01-10).accdb
cba71ba978e549025620bb745486f519,.accdb,8561.34.121 Yorktown Heights (01-10)_Backup.accdb,X:\CRSP Databases\Region 08,X:\CRSP Databases\Region 08\8561.34.121 Yorktown Heights (01-10)_Backup.accdb
407e18c6a8309a18cd213ccef764b194,.accdb,8812.04.101 Greenburgh (05-2018).accdb,X:\CRSP Databases\Region 08,X:\CRSP Databases\Region 08\8812.04.101 Greenburgh (05-2018).accdb
ea22bcd01e96e016d408b51220fb19ee,.accdb,8812.14.101 Route 199 (10-2014).accdb,X:\CRSP Databases\Region 08,X:\CRSP Databases\Region 08\8812.14.101 Route 199 (10-2014).accdb
94fe6940a7cbeb9a856f7300c8ce7947,.accdb,8BOW.00.101 Hutchinson River (7-2015).accdb,X:\CRSP Databases\Region 08,X:\CRSP Databases\Region 08\8BOW.00.101 Hutchinson River (7-2015).accdb
0029cca9a243acb71a57108670727eff,.accdb,8BOW.00.101 Hutchinson River Parkway (2-2014).accdb,X:\CRSP Databases\Region 08,X:\CRSP Databases\Region 08\8BOW.00.101 Hutchinson River Parkway (2-2014).accdb
5bc055def8d14a62d8c531d0f4e7ca6f,.accdb,8BOW.00.101 Rochester Creek (8-2014).accdb,X:\CRSP Databases\Region 08,X:\CRSP Databases\Region 08\8BOW.00.101 Rochester Creek (8-2014).accdb
e436ba1a8eabf67a689b5d0bd54732e0,.accdb,8561.34.121 Accessioned Yorktown Heights (01-10).accdb,X:\CRSP Databases\Region 08\Altered Database,X:\CRSP Databases\Region 08\Altered Database\8561.34.121 Accessioned Yorktown Heights (01-10).accdb
0a8925e25252de8ea48e56dcfef75c15,.accdb,8004.02.101 Bear Mountain Data Recovery (06-09).accdb,X:\CRSP Databases\Region 08\Pre-2010 Databases,X:\CRSP Databases\Region 08\Pre-2010 Databases\8004.02.101 Bear Mountain Data Recovery (06-09).accdb
3b2f0ded6d0a952de5b2779ef59858be,.accdb,8004.02.101 Bear Mountain Site Exam (07-08).accdb,X:\CRSP Databases\Region 08\Pre-2010 Databases,X:\CRSP Databases\Region 08\Pre-2010 Databases\8004.02.101 Bear Mountain Site Exam (07-08).accdb
2441be0bbd9ff38b340509f3cc17573f,.accdb,8004.02.101 Bear Mountain Survey (10-07).accdb,X:\CRSP Databases\Region 08\Pre-2010 Databases,X:\CRSP Databases\Region 08\Pre-2010 Databases\8004.02.101 Bear Mountain Survey (10-07).accdb
2ce4368bf8a504489bf949bb50323c2b,.accdb,8014.26 Ancram (1994).accdb,X:\CRSP Databases\Region 08\Pre-2010 Databases,X:\CRSP Databases\Region 08\Pre-2010 Databases\8014.26 Ancram (1994).accdb
d0b85c94ce91e829d048d83dab3c7e91,.accdb,8019.01.101 New Tomahawk-09-97 (UPDATE).accdb,X:\CRSP Databases\Region 08\Pre-2010 Databases,X:\CRSP Databases\Region 08\Pre-2010 Databases\8019.01.101 New Tomahawk-09-97 (UPDATE).accdb
29b684e9cc934e11b3c6e41143c640d0,.accdb,8021.40.101 Walkill Survey and NY Knife Co (10-00) (UPDATE).accdb,X:\CRSP Databases\Region 08\Pre-2010 Databases,X:\CRSP Databases\Region 08\Pre-2010 Databases\8021.40.101 Walkill Survey and NY Knife Co (10-00) (UPDATE).accdb
d79ae1c4349b3cd364149c75a4169619,.accdb,8021.40.101 Wallkill (Joe's catalogue-nonaccession artifacts) (2000) (UPDATE).accdb,X:\CRSP Databases\Region 08\Pre-2010 Databases,X:\CRSP Databases\Region 08\Pre-2010 Databases\8021.40.101 Wallkill (Joe's catalogue-nonaccession artifacts) (2000) (UPDATE).accdb
d3205e608eb3874606cded877284458d,.accdb,8039.94.121 Port Ewen (12-03).accdb,X:\CRSP Databases\Region 08\Pre-2010 Databases,X:\CRSP Databases\Region 08\Pre-2010 Databases\8039.94.121 Port Ewen (12-03).accdb
98f415a0924048a7a4f19584ac3079d5,.accdb,8039.94.121 Port Ewen ACCESSION VERSION(12-03).accdb,X:\CRSP Databases\Region 08\Pre-2010 Databases,X:\CRSP Databases\Region 08\Pre-2010 Databases\8039.94.121 Port Ewen ACCESSION VERSION(12-03).accdb
e7ece170e270a2f24dc91ee6526a9b4b,.accdb,8130.64.102 O'Conell Site (1997) (UPDATE).accdb,X:\CRSP Databases\Region 08\Pre-2010 Databases,X:\CRSP Databases\Region 08\Pre-2010 Databases\8130.64.102 O'Conell Site (1997) (UPDATE).accdb
5062cb0986325bba9fcf0043763e6369,.accdb,8130.75.101 D. White Site (1996).accdb,X:\CRSP Databases\Region 08\Pre-2010 Databases,X:\CRSP Databases\Region 08\Pre-2010 Databases\8130.75.101 D. White Site (1996).accdb
890b9a5b40192aaa8968fdc5e5d599d7,.accdb,8130.75.101 E.F. Clark Site (1996).accdb,X:\CRSP Databases\Region 08\Pre-2010 Databases,X:\CRSP Databases\Region 08\Pre-2010 Databases\8130.75.101 E.F. Clark Site (1996).accdb
4b576d7aeb24769d58941136985c46b1,.accdb,8145.17.121 Wallkill (8-00) (UPDATE).accdb,X:\CRSP Databases\Region 08\Pre-2010 Databases,X:\CRSP Databases\Region 08\Pre-2010 Databases\8145.17.121 Wallkill (8-00) (UPDATE).accdb
34393514835938bf9c3a314d1731f99a,.accdb,8145.17.121 Wallkill (8-00) STP Notes (UPDATE).accdb,X:\CRSP Databases\Region 08\Pre-2010 Databases,X:\CRSP Databases\Region 08\Pre-2010 Databases\8145.17.121 Wallkill (8-00) STP Notes (UPDATE).accdb
a6738b068fca413ba79caba1ee23b801,.accdb,8177.41.122 Rte. 209 Neversink (2004).accdb,X:\CRSP Databases\Region 08\Pre-2010 Databases,X:\CRSP Databases\Region 08\Pre-2010 Databases\8177.41.122 Rte. 209 Neversink (2004).accdb
8bd2b31528884041d5ee739e8ce9331f,.accdb,8239.36.121 P. Schryver Site (06-09).accdb,X:\CRSP Databases\Region 08\Pre-2010 Databases,X:\CRSP Databases\Region 08\Pre-2010 Databases\8239.36.121 P. Schryver Site (06-09).accdb
a7a3cb010a8e385e1301a2b90e3e960f,.accdb,8460.24 Saugerties Rte 32 (1989).accdb,X:\CRSP Databases\Region 08\Pre-2010 Databases,X:\CRSP Databases\Region 08\Pre-2010 Databases\8460.24 Saugerties Rte 32 (1989).accdb
7c210e6653717f4e74517c0a85146f49,.accdb,8463.15 Rosendale Rte. 213 (1-08).accdb,X:\CRSP Databases\Region 08\Pre-2010 Databases,X:\CRSP Databases\Region 08\Pre-2010 Databases\8463.15 Rosendale Rte. 213 (1-08).accdb
2022c9ae177e707718e73a9e60e6173b,.accdb,8487.22.101 Neffie-06-98 (UPDATE).accdb,X:\CRSP Databases\Region 08\Pre-2010 Databases,X:\CRSP Databases\Region 08\Pre-2010 Databases\8487.22.101 Neffie-06-98 (UPDATE).accdb
8eb64819fcf56040e308cb2be5473bc6,.accdb,8487.22.101 Tears-06-98 (UPDATE).accdb,X:\CRSP Databases\Region 08\Pre-2010 Databases,X:\CRSP Databases\Region 08\Pre-2010 Databases\8487.22.101 Tears-06-98 (UPDATE).accdb
e4aa528952c95adc9709d56d6d99a6d2,.accdb,8487.22.101 Wileman-06-98 (UPDATE).accdb,X:\CRSP Databases\Region 08\Pre-2010 Databases,X:\CRSP Databases\Region 08\Pre-2010 Databases\8487.22.101 Wileman-06-98 (UPDATE).accdb
dc23905a747d7cd5ecbd04a3f48e09c9,.accdb,8495.10.101 New Windsor (1997).accdb,X:\CRSP Databases\Region 08\Pre-2010 Databases,X:\CRSP Databases\Region 08\Pre-2010 Databases\8495.10.101 New Windsor (1997).accdb
3a1220e56877ed50a2878fd052a75bd2,.accdb,8754.76.121 Ravensdale Ave - 1-07.accdb,X:\CRSP Databases\Region 08\Pre-2010 Databases,X:\CRSP Databases\Region 08\Pre-2010 Databases\8754.76.121 Ravensdale Ave - 1-07.accdb
724a536c10fd5878e055170a177b724a,.accdb,8755.04.121 Hartigen Road (1995).accdb,X:\CRSP Databases\Region 08\Pre-2010 Databases,X:\CRSP Databases\Region 08\Pre-2010 Databases\8755.04.121 Hartigen Road (1995).accdb
c899e408a90052cf945d3725bebdda0a,.accdb,8756.77 Oniontown (8-00) (UPDATE).accdb,X:\CRSP Databases\Region 08\Pre-2010 Databases,X:\CRSP Databases\Region 08\Pre-2010 Databases\8756.77 Oniontown (8-00) (UPDATE).accdb
74eec2f5c76b9186ccddac7f53c7e12b,.accdb,8756.77.101 Onion Town (10-99) (UPDATE).accdb,X:\CRSP Databases\Region 08\Pre-2010 Databases,X:\CRSP Databases\Region 08\Pre-2010 Databases\8756.77.101 Onion Town (10-99) (UPDATE).accdb
9cddf50b52f26936114e97af32136d91,.accdb,8809.73.101 Malden Bridge (11-2009).accdb,X:\CRSP Databases\Region 08\Pre-2010 Databases,X:\CRSP Databases\Region 08\Pre-2010 Databases\8809.73.101 Malden Bridge (11-2009).accdb
23f4408033ef28de4c34c4dd96ca3497,.accdb,8914-17-101 Belknap Central Locus (1997).accdb,X:\CRSP Databases\Region 08\Pre-2010 Databases,X:\CRSP Databases\Region 08\Pre-2010 Databases\8914-17-101 Belknap Central Locus (1997).accdb
9124cd747c2abd5a96b13304bc2d9f0c,.accdb,8914.17.101 Wilkens-Pond (1997) (UPDATE).accdb,X:\CRSP Databases\Region 08\Pre-2010 Databases,X:\CRSP Databases\Region 08\Pre-2010 Databases\8914.17.101 Wilkens-Pond (1997) (UPDATE).accdb
d92a9a41c74cf01ff5d2dc743faec7ec,.accdb,9056.48.121 Lambs Corners Addendum (08-2019).accdb,X:\CRSP Databases\Region 09,X:\CRSP Databases\Region 09\9056.48.121 Lambs Corners Addendum (08-2019).accdb
929d232a06530ecaf6de3c579d9031ba,.accdb,9307.00.101 Schoharie Creek III (09-10).accdb,X:\CRSP Databases\Region 09,X:\CRSP Databases\Region 09\9307.00.101 Schoharie Creek III (09-10).accdb
fb32e91987f3408a0a3028e7ea05eba6,.accdb,9806.09.101 Cobleskill Rt. 145 (01-12).accdb,X:\CRSP Databases\Region 09,X:\CRSP Databases\Region 09\9806.09.101 Cobleskill Rt. 145 (01-12).accdb
25672c4a109071974b3975f80a065354,.accdb,9806.09.101 Fultonham C960050 (11-11).accdb,X:\CRSP Databases\Region 09,X:\CRSP Databases\Region 09\9806.09.101 Fultonham C960050 (11-11).accdb
9ffbf1390f50fa4ad9b043e8c171c0af,.accdb,9806.09.101 Fultonham C960051 (11-11).accdb,X:\CRSP Databases\Region 09,X:\CRSP Databases\Region 09\9806.09.101 Fultonham C960051 (11-11).accdb
816f3fa0bde93862504712a987167a96,.accdb,9806.09.101 Gilboa Culvert C960042 (01-12).accdb,X:\CRSP Databases\Region 09,X:\CRSP Databases\Region 09\9806.09.101 Gilboa Culvert C960042 (01-12).accdb
17a12f8611d9f011a5f1d9ee4d586965,.accdb,9806.09.101 Roxbury Culvert C963034 (09-11) updated.accdb,X:\CRSP Databases\Region 09,X:\CRSP Databases\Region 09\9806.09.101 Roxbury Culvert C963034 (09-11) updated.accdb
715489649f8092f98fa08cbb79944cd1,.accdb,9806.09.101 Roxbury Culvert C963034 (09-11).accdb,X:\CRSP Databases\Region 09,X:\CRSP Databases\Region 09\9806.09.101 Roxbury Culvert C963034 (09-11).accdb
1a9ae4aaf3b20c56ff72ab1bfc543a14,.accdb,9806.09.101 Roxbury Culvert C963035 (09-11).accdb,X:\CRSP Databases\Region 09,X:\CRSP Databases\Region 09\9806.09.101 Roxbury Culvert C963035 (09-11).accdb
6271961f320a65b70da2d615312f8988,.accdb,9806.09.101 Rt 28 Franklin Culvert C963064 (11-11).accdb,X:\CRSP Databases\Region 09,X:\CRSP Databases\Region 09\9806.09.101 Rt 28 Franklin Culvert C963064 (11-11).accdb
016bc146f3aacc790644fa5fbd5f01a7,.accdb,9806.09.101 Wright Culvert C960109 (01-12).accdb,X:\CRSP Databases\Region 09,X:\CRSP Databases\Region 09\9806.09.101 Wright Culvert C960109 (01-12).accdb
534b802a906937341b2c1aad5ce86653,.accdb,9806.80.101 Bainbridge Culvert (12-2014).accdb,X:\CRSP Databases\Region 09,X:\CRSP Databases\Region 09\9806.80.101 Bainbridge Culvert (12-2014).accdb
96cb69994dca7dd2aba4721f04e93bfe,.accdb,9806.80.101 Margaretville Culvert (11-2014) .accdb,X:\CRSP Databases\Region 09,X:\CRSP Databases\Region 09\9806.80.101 Margaretville Culvert (11-2014) .accdb
4186f2c79da2d691bbc1f59a9929a76b,.accdb,9806.80.101 Masonville Culvert (12-2014).accdb,X:\CRSP Databases\Region 09,X:\CRSP Databases\Region 09\9806.80.101 Masonville Culvert (12-2014).accdb
82fa51c17c281f2dd03c6c6af36faba1,.accdb,9806.80.101 Middletown Culvert (01-2015).accdb,X:\CRSP Databases\Region 09,X:\CRSP Databases\Region 09\9806.80.101 Middletown Culvert (01-2015).accdb
fbde4b71987528be14619c3df8456036,.accdb,9806.81.101 Butternuts Culvert C950062 (11-2014).accdb,X:\CRSP Databases\Region 09,X:\CRSP Databases\Region 09\9806.81.101 Butternuts Culvert C950062 (11-2014).accdb
177f7c68b45e273850456990037c054d,.accdb,9806.81.101 Edmeston Culvert (8-2014 and re-entered 2-2016).accdb,X:\CRSP Databases\Region 09,X:\CRSP Databases\Region 09\9806.81.101 Edmeston Culvert (8-2014 and re-entered 2-2016).accdb
43d0976061144c7c62291c0f19b38edb,.accdb,9806.81.101 Exeter Culvert (C950090)(08-2014).accdb,X:\CRSP Databases\Region 09,X:\CRSP Databases\Region 09\9806.81.101 Exeter Culvert (C950090)(08-2014).accdb
432ff8c41e07f66d1e1220ee566f0cc9,.accdb,9806.81.101 New Lisbon (C950076) (09-2014).accdb,X:\CRSP Databases\Region 09,X:\CRSP Databases\Region 09\9806.81.101 New Lisbon (C950076) (09-2014).accdb
387c5018a2a3bc75283e4f3a10bdc52f,.accdb,9806.81.101 Otsego Culvert (C950056) (12-2014).accdb,X:\CRSP Databases\Region 09,X:\CRSP Databases\Region 09\9806.81.101 Otsego Culvert (C950056) (12-2014).accdb
550be1a8434f429c427d64bd2b5b0ae1,.accdb,9806.81.101 Springfield (Unit Notes from Dave Staley) 7-8-14.accdb,X:\CRSP Databases\Region 09,X:\CRSP Databases\Region 09\9806.81.101 Springfield (Unit Notes from Dave Staley) 7-8-14.accdb
68d8083bedd3b6b878a1d39296e601b0,.accdb,9806.81.101 Springfield Center Addendum(11-16) - Copy.accdb,X:\CRSP Databases\Region 09,X:\CRSP Databases\Region 09\9806.81.101 Springfield Center Addendum(11-16) - Copy.accdb
8963ef84b7aaeddcfcb80713e89802fa,.accdb,9806.81.101 Springfield Culvert (C50108) (07-2014).accdb,X:\CRSP Databases\Region 09,X:\CRSP Databases\Region 09\9806.81.101 Springfield Culvert (C50108) (07-2014).accdb
be03cc6efd574a10b213f0c67b3cad80,.accdb,9806.81.101 Unadilla Culvert (C950001) (08-2014).accdb,X:\CRSP Databases\Region 09,X:\CRSP Databases\Region 09\9806.81.101 Unadilla Culvert (C950001) (08-2014).accdb
f709d85873d32a1173954291fc947158,.accdb,9806.81.101 Worcester Culvert (C950023) (12-2014) .accdb,X:\CRSP Databases\Region 09,X:\CRSP Databases\Region 09\9806.81.101 Worcester Culvert (C950023) (12-2014) .accdb
f00f6eb42e337c65fa89131c89c9257e,.accdb,9307.00.101 Schoharie Creek III (09-10).accdb,X:\CRSP Databases\Region 09\DO NOT ALTER-Original Pre-Accessioned db,X:\CRSP Databases\Region 09\DO NOT ALTER-Original Pre-Accessioned db\9307.00.101 Schoharie Creek III (09-10).accdb
bfcff44939068e84082bf8127a4fd4ff,.accdb,9307.00.101 Schoharie Creek III (9-2010).accdb,X:\CRSP Databases\Region 09\DO NOT ALTER-Original Pre-Accessioned db,X:\CRSP Databases\Region 09\DO NOT ALTER-Original Pre-Accessioned db\9307.00.101 Schoharie Creek III (9-2010).accdb
b4410cf6445ff2f0c83d7a063acdf1cd,.accdb,9044.39.101-Blenheim-09-98 (2016 Update DB).accdb,X:\CRSP Databases\Region 09\Pre-2010 Databases,X:\CRSP Databases\Region 09\Pre-2010 Databases\9044.39.101-Blenheim-09-98 (2016 Update DB).accdb
c6a67c6f6844b1ec5ecf736e0cb01e16,.accdb,9044.39.101-Blenheim-09-98 (UPDATE).accdb,X:\CRSP Databases\Region 09\Pre-2010 Databases,X:\CRSP Databases\Region 09\Pre-2010 Databases\9044.39.101-Blenheim-09-98 (UPDATE).accdb
698c4237a891a85ba75ff3b59075093a,.accdb,9044.39.101-Blenheim-10-01 (UPDATE).accdb,X:\CRSP Databases\Region 09\Pre-2010 Databases,X:\CRSP Databases\Region 09\Pre-2010 Databases\9044.39.101-Blenheim-10-01 (UPDATE).accdb
279ae285779963640ab6fd5637f8faf7,.accdb,9067.17.121 Rt 17 over Neversink (old one).accdb,X:\CRSP Databases\Region 09\Pre-2010 Databases,X:\CRSP Databases\Region 09\Pre-2010 Databases\9067.17.121 Rt 17 over Neversink (old one).accdb
4cdbe0fb85ad1925125289b689b202ba,.accdb,9067.17.121 Rt 17 over Neversink Site Exam - 12-06.accdb,X:\CRSP Databases\Region 09\Pre-2010 Databases,X:\CRSP Databases\Region 09\Pre-2010 Databases\9067.17.121 Rt 17 over Neversink Site Exam - 12-06.accdb
67b88a53a61c2d5d90d27cbf34178848,.accdb,9086.00.101 Rte 443 Fox Creek (1999) (UPDATE).accdb,X:\CRSP Databases\Region 09\Pre-2010 Databases,X:\CRSP Databases\Region 09\Pre-2010 Databases\9086.00.101 Rte 443 Fox Creek (1999) (UPDATE).accdb
0f5e575c9214e4b580685ad874ee8d7c,.accdb,9086.00.101-Fox Creek-09-99 (UPDATE).accdb,X:\CRSP Databases\Region 09\Pre-2010 Databases,X:\CRSP Databases\Region 09\Pre-2010 Databases\9086.00.101-Fox Creek-09-99 (UPDATE).accdb
6870dd02c5f90ad72be459e65a3dd1e1,.accdb,9095.46.101 Hobart (1994) (UPDATE).accdb,X:\CRSP Databases\Region 09\Pre-2010 Databases,X:\CRSP Databases\Region 09\Pre-2010 Databases\9095.46.101 Hobart (1994) (UPDATE).accdb
f0bf8a3fed9f77cf5224b7c844425d07,.accdb,9111.18.101-Sharon-09-01 (UPDATE).accdb,X:\CRSP Databases\Region 09\Pre-2010 Databases,X:\CRSP Databases\Region 09\Pre-2010 Databases\9111.18.101-Sharon-09-01 (UPDATE).accdb
556e3d14fec56ec8d53e019f1ac7beec,.accdb,9111.18.121-Sharon Site Exam-05-02 (UPDATE).accdb,X:\CRSP Databases\Region 09\Pre-2010 Databases,X:\CRSP Databases\Region 09\Pre-2010 Databases\9111.18.121-Sharon Site Exam-05-02 (UPDATE).accdb
fe0eccb3d9f2032b60fc79931fcb7657,.accdb,9111.23.121 Richfield Spring (6-04) .accdb,X:\CRSP Databases\Region 09\Pre-2010 Databases,X:\CRSP Databases\Region 09\Pre-2010 Databases\9111.23.121 Richfield Spring (6-04) .accdb
6f901e595361f7afd7d23c6240686ede,.accdb,"9125.05.121 Holloway, Corsen, and Dale Sites and Data Recoveries(5-06 and 7-07).accdb",X:\CRSP Databases\Region 09\Pre-2010 Databases,"X:\CRSP Databases\Region 09\Pre-2010 Databases\9125.05.121 Holloway, Corsen, and Dale Sites and Data Recoveries(5-06 and 7-07).accdb"
31a8c553aae8e45c456f38c836874093,.accdb,9125.05.121 Schoharie Route 30 and 30A - 05-05.accdb,X:\CRSP Databases\Region 09\Pre-2010 Databases,X:\CRSP Databases\Region 09\Pre-2010 Databases\9125.05.121 Schoharie Route 30 and 30A - 05-05.accdb
fcc987702154cb7dfc8aebceba4d91cf,.accdb,9306.56.121-Centbridge-09-98 (copy) (UPDATE).accdb,X:\CRSP Databases\Region 09\Pre-2010 Databases,X:\CRSP Databases\Region 09\Pre-2010 Databases\9306.56.121-Centbridge-09-98 (copy) (UPDATE).accdb
a108d6ed6d62e9150344b5addeeb9b03,.accdb,9306.56.121-Centbridge-09-98 (UPDATE).accdb,X:\CRSP Databases\Region 09\Pre-2010 Databases,X:\CRSP Databases\Region 09\Pre-2010 Databases\9306.56.121-Centbridge-09-98 (UPDATE).accdb
02c39c118b0fe7edcc70de9c8da73a24,.accdb,9306.56.122-Schoharie Creek I-02-00 (UPDATE).accdb,X:\CRSP Databases\Region 09\Pre-2010 Databases,X:\CRSP Databases\Region 09\Pre-2010 Databases\9306.56.122-Schoharie Creek I-02-00 (UPDATE).accdb
b5572bf8e1133a761dd766f4ade3cef0,.accdb,9306.56.122-Schoharie Creek II-7-00 (UPDATE).accdb,X:\CRSP Databases\Region 09\Pre-2010 Databases,X:\CRSP Databases\Region 09\Pre-2010 Databases\9306.56.122-Schoharie Creek II-7-00 (UPDATE).accdb
d54f9a9ae8bcb71d5132030232501944,.accdb,9306.56.122-Schoharie Creek-08-98 (UPDATE).accdb,X:\CRSP Databases\Region 09\Pre-2010 Databases,X:\CRSP Databases\Region 09\Pre-2010 Databases\9306.56.122-Schoharie Creek-08-98 (UPDATE).accdb
221ad45adcb2419435e1ddc183446fcc,.accdb,9306.94.121 Rt. 7 Bridge Replacement (11-08).accdb,X:\CRSP Databases\Region 09\Pre-2010 Databases,X:\CRSP Databases\Region 09\Pre-2010 Databases\9306.94.121 Rt. 7 Bridge Replacement (11-08).accdb
bd85838a328d07e15fae4f276c281c15,.accdb,9307.00.101-Schoharie Creek III- 7-07.accdb,X:\CRSP Databases\Region 09\Pre-2010 Databases,X:\CRSP Databases\Region 09\Pre-2010 Databases\9307.00.101-Schoharie Creek III- 7-07.accdb
cfa421aa3a01212d46770cf97ecc924d,.accdb,9125.05.121 Vroman site 1 (1999) (UPDATE).accdb,X:\CRSP Databases\Region 09\Pre-2010 Databases\Vroman 9125.05.121 (1999),X:\CRSP Databases\Region 09\Pre-2010 Databases\Vroman 9125.05.121 (1999)\9125.05.121 Vroman site 1 (1999) (UPDATE).accdb
f5903bc00a911bde4e712436f756f62b,.accdb,9125.05.121 Vroman site 1 Schaffer's added (1-99) (UPDATE).accdb,X:\CRSP Databases\Region 09\Pre-2010 Databases\Vroman 9125.05.121 (1999),X:\CRSP Databases\Region 09\Pre-2010 Databases\Vroman 9125.05.121 (1999)\9125.05.121 Vroman site 1 Schaffer's added (1-99) (UPDATE).accdb
e9383550bc472cdce319a12239a11b33,.accdb,9125.05.121 Vroman site 2 (1999) (UPDATE).accdb,X:\CRSP Databases\Region 09\Pre-2010 Databases\Vroman 9125.05.121 (1999),X:\CRSP Databases\Region 09\Pre-2010 Databases\Vroman 9125.05.121 (1999)\9125.05.121 Vroman site 2 (1999) (UPDATE).accdb
f102fc912b891483e8e8fee729009d40,.accdb,9125.05.121 Vroman site 2 Schaffer's added (1-99) (UPDATE).accdb,X:\CRSP Databases\Region 09\Pre-2010 Databases\Vroman 9125.05.121 (1999),X:\CRSP Databases\Region 09\Pre-2010 Databases\Vroman 9125.05.121 (1999)\9125.05.121 Vroman site 2 Schaffer's added (1-99) (UPDATE).accdb
082ec5bb948891a02313447949f1a0e5,.accdb,0011.43.101 NSP231 (6-2016).accdb,X:\CRSP Databases\Region 10,X:\CRSP Databases\Region 10\0011.43.101 NSP231 (6-2016).accdb
b5d25970fb6805c877aa149dab671193,.accdb,0011.43.101 NY Rt. 231 Huntington (01-2015).accdb,X:\CRSP Databases\Region 10,X:\CRSP Databases\Region 10\0011.43.101 NY Rt. 231 Huntington (01-2015).accdb
36fd9d2986bfe86c7e21c4491cfba647,.accdb,0016.27.101 Rt. 112 Recharge Basin (9-2015).accdb,X:\CRSP Databases\Region 10,X:\CRSP Databases\Region 10\0016.27.101 Rt. 112 Recharge Basin (9-2015).accdb
77cec537fb8c6691f5425e59d9f6bec8,.accdb,0030.14.101 454 Drainage Improvements (3-17).accdb,X:\CRSP Databases\Region 10,X:\CRSP Databases\Region 10\0030.14.101 454 Drainage Improvements (3-17).accdb
bebf2d1d29ad28fc9292c1e2edd1100b,.accdb,0759.54 Riverhead (07-11).accdb,X:\CRSP Databases\Region 10,X:\CRSP Databases\Region 10\0759.54 Riverhead (07-11).accdb
a584339d18cc678b3ef2962bac0a2e84,.accdb,0TON.Y1 Taste of NY Yaphank (12-2014).accdb,X:\CRSP Databases\Region 10,X:\CRSP Databases\Region 10\0TON.Y1 Taste of NY Yaphank (12-2014).accdb
b4fa44df77be81f1bd6d1f94f78df5b4,.accdb,0TON.Y4 NSP@Exit 25 (09-16).accdb,X:\CRSP Databases\Region 10,X:\CRSP Databases\Region 10\0TON.Y4 NSP@Exit 25 (09-16).accdb
5bbc76d86ba0ddb169d04047d6700b82,.accdb,"07SUP.02.121 NY Rt 12E over Kents Creek, T of Cape Vincent, Jefferson co (11-2022).accdb",X:\CRSP Databases\Region 10\PIN 07SUP.02.121 Jefferson Co Bridges over Kents Creek--Perch River--Stony Creek,"X:\CRSP Databases\Region 10\PIN 07SUP.02.121 Jefferson Co Bridges over Kents Creek--Perch River--Stony Creek\07SUP.02.121 NY Rt 12E over Kents Creek, T of Cape Vincent, Jefferson co (11-2022).accdb"
677e8f44a9f0af6cfa94fdb184ae2a9f,.accdb,"07SUP.02.121 NY Rt 12E over Perch River, T of Cape Vincent, Jefferson Co (11-2022).accdb",X:\CRSP Databases\Region 10\PIN 07SUP.02.121 Jefferson Co Bridges over Kents Creek--Perch River--Stony Creek,"X:\CRSP Databases\Region 10\PIN 07SUP.02.121 Jefferson Co Bridges over Kents Creek--Perch River--Stony Creek\07SUP.02.121 NY Rt 12E over Perch River, T of Cape Vincent, Jefferson Co (11-2022).accdb"
772d457eb475806f6d269e805a5a4598,.accdb,"07SUP.02.121 NY Rt 3 over Stony Creek, T of Henderson, Jefferson Co (11-2022).accdb",X:\CRSP Databases\Region 10\PIN 07SUP.02.121 Jefferson Co Bridges over Kents Creek--Perch River--Stony Creek,"X:\CRSP Databases\Region 10\PIN 07SUP.02.121 Jefferson Co Bridges over Kents Creek--Perch River--Stony Creek\07SUP.02.121 NY Rt 3 over Stony Creek, T of Henderson, Jefferson Co (11-2022).accdb"
e9f0ec480d55c68a2bb2e13cf184ade1,.accdb,0054.05.124 Naima Site Unit Notes.accdb,X:\CRSP Databases\Region 10\Pre-2010 Databases,X:\CRSP Databases\Region 10\Pre-2010 Databases\0054.05.124 Naima Site Unit Notes.accdb
3424498f04894e9b56c100c19436909a,.accdb,0054.05.124 Rt. 347 (11-05).accdb,X:\CRSP Databases\Region 10\Pre-2010 Databases,X:\CRSP Databases\Region 10\Pre-2010 Databases\0054.05.124 Rt. 347 (11-05).accdb
264d5a695da5c9fa846000e7dae1d93d,.accdb,0054.05.124 Rt. 347 ADDENDUM-11-07.accdb,X:\CRSP Databases\Region 10\Pre-2010 Databases,X:\CRSP Databases\Region 10\Pre-2010 Databases\0054.05.124 Rt. 347 ADDENDUM-11-07.accdb
1f3497f3387f51d50d2b62acd5930946,.accdb,0059.08 Sunrise Highway.accdb,X:\CRSP Databases\Region 10\Pre-2010 Databases,X:\CRSP Databases\Region 10\Pre-2010 Databases\0059.08 Sunrise Highway.accdb
fd9ff2e41fd92034ac6c5bc12a0c9bbc,.accdb,0327.78.101-Site G (1998) (UPDATE).accdb,X:\CRSP Databases\Region 10\Pre-2010 Databases,X:\CRSP Databases\Region 10\Pre-2010 Databases\0327.78.101-Site G (1998) (UPDATE).accdb
f80f45718efdceab729ecdd042438f33,.accdb,0757.46.121 Grangebel and Riverhead Parks 08-05.accdb,X:\CRSP Databases\Region 10\Pre-2010 Databases,X:\CRSP Databases\Region 10\Pre-2010 Databases\0757.46.121 Grangebel and Riverhead Parks 08-05.accdb
0a545823351991ee8ad5da7f0cac7060,.accdb,0808.38 Jones Mill Complex (08-09).accdb,X:\CRSP Databases\Region 10\Pre-2010 Databases,X:\CRSP Databases\Region 10\Pre-2010 Databases\0808.38 Jones Mill Complex (08-09).accdb
8a5d4f7f6eb744db8314b6000c6709e0,.accdb,X096.26 - I-278 Staten Island (02-13).accdb,X:\CRSP Databases\Region 11,X:\CRSP Databases\Region 11\X096.26 - I-278 Staten Island (02-13).accdb
746d222e7bf89594d2869d95a0ffe18f,.accdb,X110.22 - Bronx (11-11).accdb,X:\CRSP Databases\Region 11,X:\CRSP Databases\Region 11\X110.22 - Bronx (11-11).accdb
75eebd284ddc90c0e38e7b7f34baf312,.accdb,X731.27.121 - Bruckner Expressway Bronx (03-16).accdb,X:\CRSP Databases\Region 11,X:\CRSP Databases\Region 11\X731.27.121 - Bruckner Expressway Bronx (03-16).accdb
8848f61890ebb1c0c78fc697bb5945e8,.accdb,Blank Database.accdb,X:\CRSP Databases\Template Database,X:\CRSP Databases\Template Database\Blank Database.accdb
04d5637f38476052d542a83314e44c91,.accdb,Colonie.accdb,X:\CRSP Databases\Template Database\Colonie,X:\CRSP Databases\Template Database\Colonie\Colonie.accdb
85d809fa7169ff286a9bef0a8854ee05,.accdb,Blank Database (Make a Copy of this).accdb,X:\CRSP Databases\Template Database\Older Databases,X:\CRSP Databases\Template Database\Older Databases\Blank Database (Make a Copy of this).accdb
9db18b0351c0d21b89ebe49546421faa,.accdb,Blank Database (OLD).accdb,X:\CRSP Databases\Template Database\Older Databases,X:\CRSP Databases\Template Database\Older Databases\Blank Database (OLD).accdb
58910bda78a79b3087f48437923b07ec,.accdb,Blank Database - wide.accdb,X:\CRSP Databases\Template Database\Older Databases,X:\CRSP Databases\Template Database\Older Databases\Blank Database - wide.accdb
c3ff76b70334d3d7395469d38042a8d9,.accdb,Blank Database with Feature Form.accdb,X:\CRSP Databases\Template Database\Older Databases,X:\CRSP Databases\Template Database\Older Databases\Blank Database with Feature Form.accdb
1c1df04aafb092bccfde4219706eaf01,.accdb,Blank Database.accdb,X:\CRSP Databases\Template Database\Older Databases,X:\CRSP Databases\Template Database\Older Databases\Blank Database.accdb
c69aad88b3ca2f1abdf0afc73512b29e,.accdb,Albany Almshouse database (2002).accdb,X:\CRSP Databases\Various Non-CRSP Databases\Albany Almshouse,X:\CRSP Databases\Various Non-CRSP Databases\Albany Almshouse\Albany Almshouse database (2002).accdb
b83268bd724f1a600ee092831f8b44e4,.accdb,Fort Plain Canal Store (UPDATE).accdb,X:\CRSP Databases\Various Non-CRSP Databases\Fort Plain Canal Store,X:\CRSP Databases\Various Non-CRSP Databases\Fort Plain Canal Store\Fort Plain Canal Store (UPDATE).accdb
d223a03def406241b578c75aa464f112,.accdb,Copy of SUCF Parking Garage (UPDATE) do not use.accdb,X:\CRSP Databases\Various Non-CRSP Databases\SUCF Parking Garage,X:\CRSP Databases\Various Non-CRSP Databases\SUCF Parking Garage\Copy of SUCF Parking Garage (UPDATE) do not use.accdb
e0645ca0a3fd4fc22accbeaabe785782,.accdb,SUCF Parking Garage (UPDATE).accdb,X:\CRSP Databases\Various Non-CRSP Databases\SUCF Parking Garage,X:\CRSP Databases\Various Non-CRSP Databases\SUCF Parking Garage\SUCF Parking Garage (UPDATE).accdb
a4a1137f5303d53b807621f23b53e236,.accdb,Artifact and Site Counts per Project.accdb,X:\CRSP Databases\Various other Databases,X:\CRSP Databases\Various other Databases\Artifact and Site Counts per Project.accdb
59ad97ba96b68d84d52b446ee2d16761,.accdb,Artifacts Pulled DB.accdb,X:\CRSP Databases\Various other Databases,X:\CRSP Databases\Various other Databases\Artifacts Pulled DB.accdb
fe24dd0d8c87831b9924a0e57c3ddca6,.accdb,deaccessionlocations.accdb,X:\CRSP Databases\Various other Databases,X:\CRSP Databases\Various other Databases\deaccessionlocations.accdb
255b59de0ff7644bb0f6c6ba894ebab6,.accdb,Hallway Cabinets Database.accdb,X:\CRSP Databases\Various other Databases,X:\CRSP Databases\Various other Databases\Hallway Cabinets Database.accdb
5d3d8cf0a1487785889f9cebe5c79ddb,.accdb,Lab Inventory Database.accdb,X:\CRSP Databases\Various other Databases,X:\CRSP Databases\Various other Databases\Lab Inventory Database.accdb
5f44efb29317c04f23530c14dfaa5576,.accdb,Project Artifact Count and Accession Count Databases.accdb,X:\CRSP Databases\Various other Databases,X:\CRSP Databases\Various other Databases\Project Artifact Count and Accession Count Databases.accdb
8b1d3dfda8df5542e658abef9719d2d4,.accdb,Pulled Artifacts from Lab.accdb,X:\CRSP Databases\Various other Databases,X:\CRSP Databases\Various other Databases\Pulled Artifacts from Lab.accdb
0a4d3eb3429ac6bbc6c2284b488a2eca,.accdb,Type Collection.accdb,X:\CRSP Databases\Various other Databases,X:\CRSP Databases\Various other Databases\Type Collection.accdb
6c5d94494b7c5ac3804845d23ca43e65,.accdb,Typology Catalogue.accdb,X:\CRSP Databases\Various other Databases,X:\CRSP Databases\Various other Databases\Typology Catalogue.accdb
555d7db1285ee46dcd5a2aee3e5a2597,.accdb,0808.74.101 Riverhead-Montauk (07-2020).accdb,X:\CRSP Fieldwork 2020 to 2022\CRSP Fieldwork 2020\PIN 0808.74.101 Riverhead-Montauk Suffolk County,X:\CRSP Fieldwork 2020 to 2022\CRSP Fieldwork 2020\PIN 0808.74.101 Riverhead-Montauk Suffolk County\0808.74.101 Riverhead-Montauk (07-2020).accdb
967926e39bedf2f9b52146e0edd6170c,.accdb,1089.73.101 Northumberland (08-2020).accdb,X:\CRSP Fieldwork 2020 to 2022\CRSP Fieldwork 2020\PIN 1089.73.101 Northumberland Saratoga County,X:\CRSP Fieldwork 2020 to 2022\CRSP Fieldwork 2020\PIN 1089.73.101 Northumberland Saratoga County\1089.73.101 Northumberland (08-2020).accdb
a9f6305bbee1d8e9b1dc9cc7d2dd3e3c,.accdb,1807.09.101 Stillwater (08-2020).accdb,X:\CRSP Fieldwork 2020 to 2022\CRSP Fieldwork 2020\PIN 1807.09.101 Stillwater Saratoga County,X:\CRSP Fieldwork 2020 to 2022\CRSP Fieldwork 2020\PIN 1807.09.101 Stillwater Saratoga County\1807.09.101 Stillwater (08-2020).accdb
1c18fc3ec3a1bf397d7ee229c9dd31be,.accdb,2806.04.122 Wampsville (06-2020).accdb,X:\CRSP Fieldwork 2020 to 2022\CRSP Fieldwork 2020\PIN 2806.04.122 Wampsville Madison County,X:\CRSP Fieldwork 2020 to 2022\CRSP Fieldwork 2020\PIN 2806.04.122 Wampsville Madison County\2806.04.122 Wampsville (06-2020).accdb
701c59b40dae124498ac05306dd566f9,.accdb,2806.38.121 Amsterdam (06-2020).accdb,X:\CRSP Fieldwork 2020 to 2022\CRSP Fieldwork 2020\PIN 2806.38.121 Amsterdam Montgomery County,X:\CRSP Fieldwork 2020 to 2022\CRSP Fieldwork 2020\PIN 2806.38.121 Amsterdam Montgomery County\2806.38.121 Amsterdam (06-2020).accdb
2df6b3fc2d28218a5a4ff35cd06d9b49,.accdb,3314.34.101 Cato (05-2020).accdb,X:\CRSP Fieldwork 2020 to 2022\CRSP Fieldwork 2020\PIN 3314.34.101 Cato Cayuga County,X:\CRSP Fieldwork 2020 to 2022\CRSP Fieldwork 2020\PIN 3314.34.101 Cato Cayuga County\3314.34.101 Cato (05-2020).accdb
f6f6ef9df7ee80dcd21fd3180e79364c,.accdb,5134.48.421 Buffalo (09-20).accdb,X:\CRSP Fieldwork 2020 to 2022\CRSP Fieldwork 2020\PIN 5134.48.421 Buffalo Erie County,X:\CRSP Fieldwork 2020 to 2022\CRSP Fieldwork 2020\PIN 5134.48.421 Buffalo Erie County\5134.48.421 Buffalo (09-20).accdb
405afe7fc22f337075dc36d65e02d314,.accdb,5308.37.121 Wheatfield (11-20).accdb,X:\CRSP Fieldwork 2020 to 2022\CRSP Fieldwork 2020\PIN 5308.37.121 Wheatfield Niagra County,X:\CRSP Fieldwork 2020 to 2022\CRSP Fieldwork 2020\PIN 5308.37.121 Wheatfield Niagra County\5308.37.121 Wheatfield (11-20).accdb
4adf3bbaf3849ff8fef95b8555054bc5,.accdb,5814.50.121 Pomfret (10-20).accdb,X:\CRSP Fieldwork 2020 to 2022\CRSP Fieldwork 2020\PIN 5814.50.121 Pomfret Chautauqua County,X:\CRSP Fieldwork 2020 to 2022\CRSP Fieldwork 2020\PIN 5814.50.121 Pomfret Chautauqua County\5814.50.121 Pomfret (10-20).accdb
0d9561ad34b2800242eb4aa0e601a1bd,.accdb,6001.25.121 Reading (08-20) (OLD_Don't Use).accdb,X:\CRSP Fieldwork 2020 to 2022\CRSP Fieldwork 2020\PIN 6001.25.121 Reading Schuyler County,X:\CRSP Fieldwork 2020 to 2022\CRSP Fieldwork 2020\PIN 6001.25.121 Reading Schuyler County\6001.25.121 Reading (08-20) (OLD_Don't Use).accdb
77e571330710d1d23be410840f2ed692,.accdb,6001.25.121 Reading (08-20).accdb,X:\CRSP Fieldwork 2020 to 2022\CRSP Fieldwork 2020\PIN 6001.25.121 Reading Schuyler County,X:\CRSP Fieldwork 2020 to 2022\CRSP Fieldwork 2020\PIN 6001.25.121 Reading Schuyler County\6001.25.121 Reading (08-20).accdb
0162618b6dccf484191d85cd0c28ad0a,.accdb,6010.19.121 Milo (07-20).accdb,X:\CRSP Fieldwork 2020 to 2022\CRSP Fieldwork 2020\PIN 6010.19.121 Milo Yates County,X:\CRSP Fieldwork 2020 to 2022\CRSP Fieldwork 2020\PIN 6010.19.121 Milo Yates County\6010.19.121 Milo (07-20).accdb
0fd37997b906aa92c19338ddcb08b8a5,.accdb,6048.28.121 Canisteo (08-20) COPY (1) (4).accdb,X:\CRSP Fieldwork 2020 to 2022\CRSP Fieldwork 2020\PIN 6048.28.121 Canisteo Steuben County,X:\CRSP Fieldwork 2020 to 2022\CRSP Fieldwork 2020\PIN 6048.28.121 Canisteo Steuben County\6048.28.121 Canisteo (08-20) COPY (1) (4).accdb
e4a57ea70ebbfa55e59f710b7d2803fe,.accdb,8103.52.121 Elmsford (08-20).accdb,X:\CRSP Fieldwork 2020 to 2022\CRSP Fieldwork 2020\PIN 8103.52.121 Elmsford Westchester County,X:\CRSP Fieldwork 2020 to 2022\CRSP Fieldwork 2020\PIN 8103.52.121 Elmsford Westchester County\8103.52.121 Elmsford (08-20).accdb
ae04f824fcd5f6ef9d0abc75be4e3678,.accdb,9307.10.121 Otego (10-20).accdb,X:\CRSP Fieldwork 2020 to 2022\CRSP Fieldwork 2020\PIN 9307.10.121 Otego Otsego county,X:\CRSP Fieldwork 2020 to 2022\CRSP Fieldwork 2020\PIN 9307.10.121 Otego Otsego county\9307.10.121 Otego (10-20).accdb
472c1a02c1c6eef7c2a99796e5b9c256,.accdb,9TCR.21.121 Norwich (09-20).accdb,X:\CRSP Fieldwork 2020 to 2022\CRSP Fieldwork 2020\PIN 9TCR.21.121 Norwich Chenango County,X:\CRSP Fieldwork 2020 to 2022\CRSP Fieldwork 2020\PIN 9TCR.21.121 Norwich Chenango County\9TCR.21.121 Norwich (09-20).accdb
b51c102386eaa13f111484192763afc0,.accdb,0059.28.101 - Oakdale Merge (07-2021).accdb,X:\CRSP Fieldwork 2020 to 2022\CRSP Fieldwork 2021\0059.28.101 Oakdale Merge - Suffolk County (07-2021),X:\CRSP Fieldwork 2020 to 2022\CRSP Fieldwork 2021\0059.28.101 Oakdale Merge - Suffolk County (07-2021)\0059.28.101 - Oakdale Merge (07-2021).accdb
eb96408ad52b4bdf6b81bf5415bf30c4,.accdb,0810.01.101 Greenport Suffolk (06-2021).accdb,X:\CRSP Fieldwork 2020 to 2022\CRSP Fieldwork 2021\0810.01.101 Greenport - Suffolk County (06-2021),X:\CRSP Fieldwork 2020 to 2022\CRSP Fieldwork 2021\0810.01.101 Greenport - Suffolk County (06-2021)\0810.01.101 Greenport Suffolk (06-2021).accdb
3b511270970f47cb5e1aef6a6934a59a,.accdb,1085.46.101 - Rt 146 Normaskill (05-2021).accdb,X:\CRSP Fieldwork 2020 to 2022\CRSP Fieldwork 2021\1085.46.101 Rt. 146 Normanskill - Albany County (05-2021),X:\CRSP Fieldwork 2020 to 2022\CRSP Fieldwork 2021\1085.46.101 Rt. 146 Normanskill - Albany County (05-2021)\1085.46.101 - Rt 146 Normaskill (05-2021).accdb
36f49f6fb20271c4a232418e5aa5d381,.accdb,1089.73.101 - Northumberland (10-2021).accdb,X:\CRSP Fieldwork 2020 to 2022\CRSP Fieldwork 2021\1089.73.101 Northumberland - Saratoga County (10-2021),X:\CRSP Fieldwork 2020 to 2022\CRSP Fieldwork 2021\1089.73.101 Northumberland - Saratoga County (10-2021)\1089.73.101 - Northumberland (10-2021).accdb
5b795fcaf29ac2df19149287c3513ad9,.accdb,1089.73.1010 Northumberland Addendum (12-2021).accdb,X:\CRSP Fieldwork 2020 to 2022\CRSP Fieldwork 2021\1089.73.101 Northumberland Addendum - Saratoga County (12-2021),X:\CRSP Fieldwork 2020 to 2022\CRSP Fieldwork 2021\1089.73.101 Northumberland Addendum - Saratoga County (12-2021)\1089.73.1010 Northumberland Addendum (12-2021).accdb
4fc4cf14c030567e73c8d39b3b2f75a8,.accdb,1124.42.121 - Rt. 23A over Kaaterskill (09-2021).accdb,X:\CRSP Fieldwork 2020 to 2022\CRSP Fieldwork 2021\1124.42.121 Rt. 23A over Kaaterskill - Green County (09-2021),X:\CRSP Fieldwork 2020 to 2022\CRSP Fieldwork 2021\1124.42.121 Rt. 23A over Kaaterskill - Green County (09-2021)\1124.42.121 - Rt. 23A over Kaaterskill (09-2021).accdb
9cd74f4d7cf00eb82c64dbc719411124,.accdb,2016.80.121 Boonville (06-2021).accdb,X:\CRSP Fieldwork 2020 to 2022\CRSP Fieldwork 2021\2016.80.121 Boonville - Oneida County (06-2021),X:\CRSP Fieldwork 2020 to 2022\CRSP Fieldwork 2021\2016.80.121 Boonville - Oneida County (06-2021)\2016.80.121 Boonville (06-2021).accdb
d9b410db26f1d07445c02339152fd838,.accdb,5814.50.121 Fredonia Site Exams (05-2021).accdb,X:\CRSP Fieldwork 2020 to 2022\CRSP Fieldwork 2021\5814.50.121 Fredonia Site Exams - Chautauqua County (05-2021),X:\CRSP Fieldwork 2020 to 2022\CRSP Fieldwork 2021\5814.50.121 Fredonia Site Exams - Chautauqua County (05-2021)\5814.50.121 Fredonia Site Exams (05-2021).accdb
d03ad754bfd498a68d62a3e196b499c3,.accdb,6001.25.122 Reading (10-2021)- updated.accdb,X:\CRSP Fieldwork 2020 to 2022\CRSP Fieldwork 2021\6001.25.122 Reading - Schuyler County (10-2021),X:\CRSP Fieldwork 2020 to 2022\CRSP Fieldwork 2021\6001.25.122 Reading - Schuyler County (10-2021)\6001.25.122 Reading (10-2021)- updated.accdb
9b685a06e14221015495b9078120065c,.accdb,6001.25.122 Reading (10-2021).accdb,X:\CRSP Fieldwork 2020 to 2022\CRSP Fieldwork 2021\6001.25.122 Reading - Schuyler County (10-2021),X:\CRSP Fieldwork 2020 to 2022\CRSP Fieldwork 2021\6001.25.122 Reading - Schuyler County (10-2021)\6001.25.122 Reading (10-2021).accdb
d8ae3854780dbe54dfa3ff88ccbf9739,.accdb,6048.28.121 Canisteo Site Exam (11-2021).accdb,X:\CRSP Fieldwork 2020 to 2022\CRSP Fieldwork 2021\6048.28.121 Canisteo Site Exam - Steuben County (11-2021),X:\CRSP Fieldwork 2020 to 2022\CRSP Fieldwork 2021\6048.28.121 Canisteo Site Exam - Steuben County (11-2021)\6048.28.121 Canisteo Site Exam (11-2021).accdb
9c9aa29182811bb2f1244ec63846614e,.accdb,7040.25.101 Ausable (06-2021).accdb,X:\CRSP Fieldwork 2020 to 2022\CRSP Fieldwork 2021\7040.25.101 Ausable - Clinton County (06-2021),X:\CRSP Fieldwork 2020 to 2022\CRSP Fieldwork 2021\7040.25.101 Ausable - Clinton County (06-2021)\7040.25.101 Ausable (06-2021).accdb
1c0cd3bde66e07c915f8c7a7f0e97a2e,.accdb,"9120.64.121 Butternuts, NY23 (09-2021) .accdb",X:\CRSP Fieldwork 2020 to 2022\CRSP Fieldwork 2021\9120.64.121 Butternuts NY 23 - Otsego County (09-2021),"X:\CRSP Fieldwork 2020 to 2022\CRSP Fieldwork 2021\9120.64.121 Butternuts NY 23 - Otsego County (09-2021)\9120.64.121 Butternuts, NY23 (09-2021) .accdb"
e740ee8e6006e7cc8bfc2bb29530afa3,.accdb,9TCR.22.121 Colesvlle (08-20).accdb,X:\CRSP Fieldwork 2020 to 2022\CRSP Fieldwork 2021\9TCR.22.121 Colesville - Broome County (06-2021),X:\CRSP Fieldwork 2020 to 2022\CRSP Fieldwork 2021\9TCR.22.121 Colesville - Broome County (06-2021)\9TCR.22.121 Colesvlle (08-20).accdb
02a92a5b57c228b7885c6cc62ba51c7d,.accdb,"07SUP.02.121 NY Rt 12E over Kents Creek, T of Cape Vincent, Jefferson co (11-2022).accdb",X:\CRSP Fieldwork 2020 to 2022\CRSP Fieldwork 2022\PIN 07SUP.02.121 Jefferson Co Bridges over Kents Creek--Perch River--Stony Creek,"X:\CRSP Fieldwork 2020 to 2022\CRSP Fieldwork 2022\PIN 07SUP.02.121 Jefferson Co Bridges over Kents Creek--Perch River--Stony Creek\07SUP.02.121 NY Rt 12E over Kents Creek, T of Cape Vincent, Jefferson co (11-2022).accdb"
f7b279492176afbb00b32ce84936630c,.accdb,"07SUP.02.121 NY Rt 12E over Perch River, T of Cape Vincent, Jefferson Co (11-2022).accdb",X:\CRSP Fieldwork 2020 to 2022\CRSP Fieldwork 2022\PIN 07SUP.02.121 Jefferson Co Bridges over Kents Creek--Perch River--Stony Creek,"X:\CRSP Fieldwork 2020 to 2022\CRSP Fieldwork 2022\PIN 07SUP.02.121 Jefferson Co Bridges over Kents Creek--Perch River--Stony Creek\07SUP.02.121 NY Rt 12E over Perch River, T of Cape Vincent, Jefferson Co (11-2022).accdb"
eadb7ee15b9dad0d596bf07ea3f65658,.accdb,"07SUP.02.121 NY Rt 3 over Stony Creek, T of Henderson, Jefferson Co (11-2022).accdb",X:\CRSP Fieldwork 2020 to 2022\CRSP Fieldwork 2022\PIN 07SUP.02.121 Jefferson Co Bridges over Kents Creek--Perch River--Stony Creek,"X:\CRSP Fieldwork 2020 to 2022\CRSP Fieldwork 2022\PIN 07SUP.02.121 Jefferson Co Bridges over Kents Creek--Perch River--Stony Creek\07SUP.02.121 NY Rt 3 over Stony Creek, T of Henderson, Jefferson Co (11-2022).accdb"
0cbf1ef0a790d2c2ebc72b4456c6ae62,.accdb,1810.90.121 Jay (08-2022).accdb,X:\CRSP Fieldwork 2020 to 2022\CRSP Fieldwork 2022\PIN 1810.90.121 Jay,X:\CRSP Fieldwork 2020 to 2022\CRSP Fieldwork 2022\PIN 1810.90.121 Jay\1810.90.121 Jay (08-2022).accdb
94d6e9fc6c11a02a65684196ab98deac,.accdb,1810.91.121 Route 22 Culvert Essex (09-2022).accdb,X:\CRSP Fieldwork 2020 to 2022\CRSP Fieldwork 2022\PIN 1810.91.121 Route 22 Culvert,X:\CRSP Fieldwork 2020 to 2022\CRSP Fieldwork 2022\PIN 1810.91.121 Route 22 Culvert\1810.91.121 Route 22 Culvert Essex (09-2022).accdb
bc23cdda04d6cfd1b545c9977ea17e1d,.accdb,1LC1.01.01 Silver Bay (11-2022).accdb,X:\CRSP Fieldwork 2020 to 2022\CRSP Fieldwork 2022\PIN 1LC1. 01.01 Silver Bay,X:\CRSP Fieldwork 2020 to 2022\CRSP Fieldwork 2022\PIN 1LC1. 01.01 Silver Bay\1LC1.01.01 Silver Bay (11-2022).accdb
786f381773fedc3e3d6530694dec35f5,.accdb,2023.34.101 NY 69 over Sauquoit Creek (06-2022).accdb,X:\CRSP Fieldwork 2020 to 2022\CRSP Fieldwork 2022\PIN 2023.34.101 NY 69 over Sauquoit Creek,X:\CRSP Fieldwork 2020 to 2022\CRSP Fieldwork 2022\PIN 2023.34.101 NY 69 over Sauquoit Creek\2023.34.101 NY 69 over Sauquoit Creek (06-2022).accdb
005dbde61adf7a99a00bb807145b85bb,.accdb,2118.07.121 NY28-30 over Rock River.accdb,X:\CRSP Fieldwork 2020 to 2022\CRSP Fieldwork 2022\PIN 2118.07.121 NY 2830 over Rock River,X:\CRSP Fieldwork 2020 to 2022\CRSP Fieldwork 2022\PIN 2118.07.121 NY 2830 over Rock River\2118.07.121 NY28-30 over Rock River.accdb
ec4b06eb4db363535d765b5ceeb3e698,.accdb,2236.27.101 Dolgeville (07-2022).accdb,X:\CRSP Fieldwork 2020 to 2022\CRSP Fieldwork 2022\PIN 2236.27.101 NY 29 - Dolgeville,X:\CRSP Fieldwork 2020 to 2022\CRSP Fieldwork 2022\PIN 2236.27.101 NY 29 - Dolgeville\2236.27.101 Dolgeville (07-2022).accdb
6d536bbdcb75e65464001ddd82a9d179,.accdb,2236.28.121 NY 29 over Caroga Creek (06-2022).accdb,X:\CRSP Fieldwork 2020 to 2022\CRSP Fieldwork 2022\PIN 2236.28.121 NY 29 over Caroga Creek,X:\CRSP Fieldwork 2020 to 2022\CRSP Fieldwork 2022\PIN 2236.28.121 NY 29 over Caroga Creek\2236.28.121 NY 29 over Caroga Creek (06-2022).accdb
914a049d9f2b8bcafd0ae6d742ca22b1,.accdb,2806.38.121 Amsterdam Site Exam (05-22).accdb,X:\CRSP Fieldwork 2020 to 2022\CRSP Fieldwork 2022\PIN 2806.38.121 Amsterdam Site Exam Montgomery County,X:\CRSP Fieldwork 2020 to 2022\CRSP Fieldwork 2022\PIN 2806.38.121 Amsterdam Site Exam Montgomery County\2806.38.121 Amsterdam Site Exam (05-22).accdb
284a8b420d96787260826c0f67691bc5,.accdb,2807.02.101 West Branch.accdb,X:\CRSP Fieldwork 2020 to 2022\CRSP Fieldwork 2022\PIN 2807.02.101 West Branch,X:\CRSP Fieldwork 2020 to 2022\CRSP Fieldwork 2022\PIN 2807.02.101 West Branch\2807.02.101 West Branch.accdb
6da4795f8b44db0683387cda807e4ba5,.accdb,2LC1.31.101 Ava Rt. 46.accdb,X:\CRSP Fieldwork 2020 to 2022\CRSP Fieldwork 2022\PIN 2LC1.31.101 Ava Rt. 46,X:\CRSP Fieldwork 2020 to 2022\CRSP Fieldwork 2022\PIN 2LC1.31.101 Ava Rt. 46\2LC1.31.101 Ava Rt. 46.accdb
490feb931215560915ab51aac666088e,.accdb,3076.23.121 Montezuma Flotation Catalog (02-2023).accdb,X:\CRSP Fieldwork 2020 to 2022\CRSP Fieldwork 2022\PIN 3076.23.121 Montezuma Site Exams,X:\CRSP Fieldwork 2020 to 2022\CRSP Fieldwork 2022\PIN 3076.23.121 Montezuma Site Exams\3076.23.121 Montezuma Flotation Catalog (02-2023).accdb
e9f5ff9f8f9b391aa98e5994103ec06c,.accdb,3076.23.121 Montezuma Site Exams (08-2022) - Pre-Cull Copy.accdb,X:\CRSP Fieldwork 2020 to 2022\CRSP Fieldwork 2022\PIN 3076.23.121 Montezuma Site Exams,X:\CRSP Fieldwork 2020 to 2022\CRSP Fieldwork 2022\PIN 3076.23.121 Montezuma Site Exams\3076.23.121 Montezuma Site Exams (08-2022) - Pre-Cull Copy.accdb
7ab68cba7408c046c7b102d83ffc1a21,.accdb,3076.23.121 Montezuma Site Exams (08-2022).accdb,X:\CRSP Fieldwork 2020 to 2022\CRSP Fieldwork 2022\PIN 3076.23.121 Montezuma Site Exams,X:\CRSP Fieldwork 2020 to 2022\CRSP Fieldwork 2022\PIN 3076.23.121 Montezuma Site Exams\3076.23.121 Montezuma Site Exams (08-2022).accdb
a1e000a2dd83f3ca97f00801cfd9075e,.accdb,5814.65.101 Windfall Road.accdb,X:\CRSP Fieldwork 2020 to 2022\CRSP Fieldwork 2022\PIN 5814.65.101 Windfall Road,X:\CRSP Fieldwork 2020 to 2022\CRSP Fieldwork 2022\PIN 5814.65.101 Windfall Road\5814.65.101 Windfall Road.accdb
117e1cc58d0022941815394c415ff368,.accdb,7807.15.121 Henderson Route 3.accdb,X:\CRSP Fieldwork 2020 to 2022\CRSP Fieldwork 2022\PIN 7807.15.121 Henderson Route 3,X:\CRSP Fieldwork 2020 to 2022\CRSP Fieldwork 2022\PIN 7807.15.121 Henderson Route 3\7807.15.121 Henderson Route 3.accdb
1219dd347f9e00146179581a1aea7bb6,.accdb,1236.29.101 Rt. 29 at Rowland - Milton (6-23).accdb,X:\CRSP Fieldwork 2023\1236.29.101 Rt. 29 at Rowland Street - Milton (6-23),X:\CRSP Fieldwork 2023\1236.29.101 Rt. 29 at Rowland Street - Milton (6-23)\1236.29.101 Rt. 29 at Rowland - Milton (6-23).accdb
cc3cc5a5e25417d88dc81ae5d0f041ea,.accdb,1810.92.101-Farmers Turpike-9J-Schodack Landing (05-23).accdb,X:\CRSP Fieldwork 2023\1810.92.101 Farmer's Turnpike (NY 9J Schodack Landing) (05-23),X:\CRSP Fieldwork 2023\1810.92.101 Farmer's Turnpike (NY 9J Schodack Landing) (05-23)\1810.92.101-Farmers Turpike-9J-Schodack Landing (05-23).accdb
14c5e7d167aefca71d79065907950e6d,.accdb,2807.02.101 - West Branch Site Exam (08-2023).accdb,X:\CRSP Fieldwork 2023\2807.02.101 West Branch Site Exam (08-2023),X:\CRSP Fieldwork 2023\2807.02.101 West Branch Site Exam (08-2023)\2807.02.101 - West Branch Site Exam (08-2023).accdb
8885de03d5dc03e4d72b551f52eee174,.accdb,4036.33.121 Livingston.accdb,X:\CRSP Fieldwork 2023\4036.33.121 Rt 36 and Perry Rd Livingston County,X:\CRSP Fieldwork 2023\4036.33.121 Rt 36 and Perry Rd Livingston County\4036.33.121 Livingston.accdb
e1faac1554d6fa64900ab1237caca532,.accdb,7143.46.121 Brushton (07-23).accdb,X:\CRSP Fieldwork 2023\7143.46.121 Brushton - Franklin County (07-23),X:\CRSP Fieldwork 2023\7143.46.121 Brushton - Franklin County (07-23)\7143.46.121 Brushton (07-23).accdb
3787fb25930f8fb98c4989ebd4069cc1,.accdb,7807.13.321 Rte 458 Hopkinton (03-23).accdb,X:\CRSP Fieldwork 2023\7807.13.321 Rte. 458 Hopkinton - St. Lawrence County (03-23),X:\CRSP Fieldwork 2023\7807.13.321 Rte. 458 Hopkinton - St. Lawrence County (03-23)\7807.13.321 Rte 458 Hopkinton (03-23).accdb
589a3ee82f0fef610813f67d7f535859,.accdb,"NY Route 17K Drainage Diversion, Town of Newburgh (09-23).accdb",X:\CRSP Fieldwork 2023\8005.32.101 NY Route 17K - T of Newburgh - Orange County (09-23),"X:\CRSP Fieldwork 2023\8005.32.101 NY Route 17K - T of Newburgh - Orange County (09-23)\NY Route 17K Drainage Diversion, Town of Newburgh (09-23).accdb"
b968096423f25365e37ea9904dcf4075,.accdb,8392.09.101 - Annsville (06-23).accdb,X:\CRSP Fieldwork 2023\8392.09.101 Annsville - Westchester County (06-23),X:\CRSP Fieldwork 2023\8392.09.101 Annsville - Westchester County (06-23)\8392.09.101 - Annsville (06-23).accdb
fcccb509eb2a680a88c4b2449319daac,.accdb,8813.53.201 Putnam Creek Culvert (06-23).accdb,X:\CRSP Fieldwork 2023\8813.53.201 Putnam Creek Culvert (06-23),X:\CRSP Fieldwork 2023\8813.53.201 Putnam Creek Culvert (06-23)\8813.53.201 Putnam Creek Culvert (06-23).accdb
b0c31ca3670f0bb699272a791f927d55,.accdb,9358.51.121 I88 Rest Areas (09-2023).accdb,X:\CRSP Fieldwork 2023\9358.51.121 I88 Rest Areas - Delaware and Otsego County (09-2023),X:\CRSP Fieldwork 2023\9358.51.121 I88 Rest Areas - Delaware and Otsego County (09-2023)\9358.51.121 I88 Rest Areas (09-2023).accdb
e32248ab7529544f3d244a0149626baf,.accdb,DEC Lake George 2023.accdb,X:\CRSP Fieldwork 2023\DEC2023  Lake George (08-2023),X:\CRSP Fieldwork 2023\DEC2023  Lake George (08-2023)\DEC Lake George 2023.accdb
eb70082874bf2f26d72e552ddc054520,.accdb,1124.42.121 Kaaterskill Creek Site Exam.accdb,X:\CRSP Fieldwork 2024,X:\CRSP Fieldwork 2024\1124.42.121 Kaaterskill Creek Site Exam.accdb
b5e82b7efd0136b67233897c1daca6c7,.accdb,1722.69.101 Nelson Ave Extension-Saratoga Springs (08-24).accdb,X:\CRSP Fieldwork 2024,X:\CRSP Fieldwork 2024\1722.69.101 Nelson Ave Extension-Saratoga Springs (08-24).accdb
27b62dc0f94e735e2bb24a19baffe4d6,.accdb,2065.39.101 Rte 12B Hamilton.accdb,X:\CRSP Fieldwork 2024,X:\CRSP Fieldwork 2024\2065.39.101 Rte 12B Hamilton.accdb
0b3433948a9d4f75dc06164ae79a9ea0,.accdb,4015.47.102 Henrietta Brighton.accdb,X:\CRSP Fieldwork 2024,X:\CRSP Fieldwork 2024\4015.47.102 Henrietta Brighton.accdb
1c3e42abf1e892d96e48dc1346643725,.accdb,4036.33.121 Livingston Site Exams (09-2024).accdb,X:\CRSP Fieldwork 2024,X:\CRSP Fieldwork 2024\4036.33.121 Livingston Site Exams (09-2024).accdb
d2ae2ee7c2712caa74e1b3832c438984,.accdb,5512.56.121 Bowmansville (12-24).accdb,X:\CRSP Fieldwork 2024,X:\CRSP Fieldwork 2024\5512.56.121 Bowmansville (12-24).accdb
a0608963bc343e5bf8dc5a167c79bcfb,.accdb,9177.19.121 Mamakating (12-24).accdb,X:\CRSP Fieldwork 2024,X:\CRSP Fieldwork 2024\9177.19.121 Mamakating (12-24).accdb
c5eef41bef5aba1ac459320d2db1a70e,.accdb,9LC1.11.101 Culvert C910061.accdb,X:\CRSP Fieldwork 2024,X:\CRSP Fieldwork 2024\9LC1.11.101 Culvert C910061.accdb
a2af4b82b6023d0fb05ad4a25c742d21,.accdb,9LC1.11.101 Culvert C910141.accdb,X:\CRSP Fieldwork 2024,X:\CRSP Fieldwork 2024\9LC1.11.101 Culvert C910141.accdb
809eeb13ceccaa0c6de8a562a8e37d2e,.accdb,9LC1.11.101 Culvert C920003.accdb,X:\CRSP Fieldwork 2024,X:\CRSP Fieldwork 2024\9LC1.11.101 Culvert C920003.accdb
c7d47154a15ca5a99c4a04e1affcce4b,.accdb,9LC1.11.101 Culvert C920163.accdb,X:\CRSP Fieldwork 2024,X:\CRSP Fieldwork 2024\9LC1.11.101 Culvert C920163.accdb
2ac3dd62a3e0569636f762e92ccab715,.accdb,9LC1.11.101 Culvert C920169.accdb,X:\CRSP Fieldwork 2024,X:\CRSP Fieldwork 2024\9LC1.11.101 Culvert C920169.accdb
bdd8e51ade9033a990dd3f795a334225,.accdb,9LC1.11.101 Culvert C940013.accdb,X:\CRSP Fieldwork 2024,X:\CRSP Fieldwork 2024\9LC1.11.101 Culvert C940013.accdb
313342610bc9c9260992b1752c96e6c3,.accdb,9LC1.11.101 Culvert C940044.accdb,X:\CRSP Fieldwork 2024,X:\CRSP Fieldwork 2024\9LC1.11.101 Culvert C940044.accdb
7d5c33f746b5e5ebfc7874653b5708b2,.accdb,9LC1.11.101 Culvert C950051 .accdb,X:\CRSP Fieldwork 2024,X:\CRSP Fieldwork 2024\9LC1.11.101 Culvert C950051 .accdb
50e5f7ea60b7242357323d8df09fdca9,.accdb,9LC1.11.101 Culvert C970028 Forestburgh (12-2024).accdb,X:\CRSP Fieldwork 2024,X:\CRSP Fieldwork 2024\9LC1.11.101 Culvert C970028 Forestburgh (12-2024).accdb
37c75f23231e0f64e4d0ddffe53ad4fb,.accdb,9LC1.11.101 Culvert CA00364.accdb,X:\CRSP Fieldwork 2024,X:\CRSP Fieldwork 2024\9LC1.11.101 Culvert CA00364.accdb
60137f1cbb497df3526c201d597fac24,.accdb,9LC1.12.101 Culvert C910144.accdb,X:\CRSP Fieldwork 2024,X:\CRSP Fieldwork 2024\9LC1.12.101 Culvert C910144.accdb
2d036ebc0155888daf36697b5ebb61e9,.accdb,9LC1.12.101 Culvert C920156.accdb,X:\CRSP Fieldwork 2024,X:\CRSP Fieldwork 2024\9LC1.12.101 Culvert C920156.accdb
f1e2a90d8648f5d177aa6f71d4bb648b,.accdb,9LC1.12.101 Culvert C920158.accdb,X:\CRSP Fieldwork 2024,X:\CRSP Fieldwork 2024\9LC1.12.101 Culvert C920158.accdb
edcdede3ac22f1d1ce2b7192c7cd23ef,.accdb,"9LC1.12.101 Culvert C940053 Town of Hancock, Delaware Co.accdb",X:\CRSP Fieldwork 2024,"X:\CRSP Fieldwork 2024\9LC1.12.101 Culvert C940053 Town of Hancock, Delaware Co.accdb"
d0936c9b51700e97573218dbb012a7f8,.accdb,"9LC1.12.101 Culvert C970079 Town of Bethel, Sullivan Co.accdb",X:\CRSP Fieldwork 2024,"X:\CRSP Fieldwork 2024\9LC1.12.101 Culvert C970079 Town of Bethel, Sullivan Co.accdb"
33a45b4d5699c4da0b014a50f45399b0,.accdb,"9LC1.12.101 Culvert C970080 Town of Bethel, Sullivan Co.accdb",X:\CRSP Fieldwork 2024,"X:\CRSP Fieldwork 2024\9LC1.12.101 Culvert C970080 Town of Bethel, Sullivan Co.accdb"
237b36b7f6a4dc6a65c0d35e89b92084,.accdb,9LC1.13.101 Various Culverts Otsego and Schoharie Counties.accdb,X:\CRSP Fieldwork 2024,X:\CRSP Fieldwork 2024\9LC1.13.101 Various Culverts Otsego and Schoharie Counties.accdb
23f60863ab44b9adfddb313e046d8ef8,.accdb,1011.13.101 NY 145 Slope (11-2025).accdb,X:\CRSP Fieldwork 2025,X:\CRSP Fieldwork 2025\1011.13.101 NY 145 Slope (11-2025).accdb
6efb26d9c6de451209891cd1d7f349de,.accdb,1347.09.121 Rte. 396 Over Coeymans Creek (09-2025).accdb,X:\CRSP Fieldwork 2025,X:\CRSP Fieldwork 2025\1347.09.121 Rte. 396 Over Coeymans Creek (09-2025).accdb
e85bf714a5ee35d366d16edd8a26df77,.accdb,1LC1.04.102 Lake George Culvert (09-2025).accdb,X:\CRSP Fieldwork 2025,X:\CRSP Fieldwork 2025\1LC1.04.102 Lake George Culvert (09-2025).accdb
1dcfb3fb1a2a0fd952e5183601d87481,.accdb,2806.87.101 Culvert C260033 (Bridgewater) (07-2025).accdb,X:\CRSP Fieldwork 2025,X:\CRSP Fieldwork 2025\2806.87.101 Culvert C260033 (Bridgewater) (07-2025).accdb
30a5872159ad52e8c732fac37f1a990b,.accdb,3037.73.121 Rt. 31 over Canal (12-2025).accdb,X:\CRSP Fieldwork 2025,X:\CRSP Fieldwork 2025\3037.73.121 Rt. 31 over Canal (12-2025).accdb
60ca73e32c70f68ade82ee2a497604a1,.accdb,5134.55.101 Evans (10-2025).accdb,X:\CRSP Fieldwork 2025,X:\CRSP Fieldwork 2025\5134.55.101 Evans (10-2025).accdb
ccd58c0a2bfcd7fdc57d5b7bcb53f556,.accdb,5512.56.121 Bowmansville (04-2025).accdb,X:\CRSP Fieldwork 2025,X:\CRSP Fieldwork 2025\5512.56.121 Bowmansville (04-2025).accdb
10dbeebe19cc7cd7b67ab307fdaf921e,.accdb,8062.60.101 I-84 Corridor Truck Parking (09-2025).accdb,X:\CRSP Fieldwork 2025,X:\CRSP Fieldwork 2025\8062.60.101 I-84 Corridor Truck Parking (09-2025).accdb
271550de7670c14e8ad47f5f8d4a0eed,.accdb,8065.12.121 Rt 17 Exits Orange County (04-2025)copy.accdb,X:\CRSP Fieldwork 2025,X:\CRSP Fieldwork 2025\8065.12.121 Rt 17 Exits Orange County (04-2025)copy.accdb
8412fe58f5c463ffcfbf2d62604a123f,.accdb,9068.03.101 Rt. 17 Exit 107 (11-2025).accdb,X:\CRSP Fieldwork 2025,X:\CRSP Fieldwork 2025\9068.03.101 Rt. 17 Exit 107 (11-2025).accdb
60ee59360d59c64ff8b0b4ff997b365d,.accdb,9LC1.21.101 Culvert C650076 (Richford) (07-2025).accdb,X:\CRSP Fieldwork 2025,X:\CRSP Fieldwork 2025\9LC1.21.101 Culvert C650076 (Richford) (07-2025).accdb
fceb101377149c04574da28f4f8bed64,.accdb,9LC1.21.101 Culvert C920080 (Plymouth) (07-2025).accdb,X:\CRSP Fieldwork 2025,X:\CRSP Fieldwork 2025\9LC1.21.101 Culvert C920080 (Plymouth) (07-2025).accdb
bd7ce7b1925ecfe4e91f34db83704987,.accdb,9LC1.21.101 Culvert C920112 (Coventry) (04-2025).accdb,X:\CRSP Fieldwork 2025,X:\CRSP Fieldwork 2025\9LC1.21.101 Culvert C920112 (Coventry) (04-2025).accdb
c8f0e705cae6fa9ff088c7249d664eb4,.accdb,9LC1.21.101 Culvert C920114 (Coventry) (04-2025).accdb,X:\CRSP Fieldwork 2025,X:\CRSP Fieldwork 2025\9LC1.21.101 Culvert C920114 (Coventry) (04-2025).accdb
0a63e34dd83641e96b2567e66095625e,.accdb,9LC1.21.101 Culvert C920181 (Columbus) (07-2025).accdb,X:\CRSP Fieldwork 2025,X:\CRSP Fieldwork 2025\9LC1.21.101 Culvert C920181 (Columbus) (07-2025).accdb
3e340440ce37675c80e64c5b472cbd8f,.accdb,9LC1.21.101 Culvert C920182 (Sherburne) (07-2025).accdb,X:\CRSP Fieldwork 2025,X:\CRSP Fieldwork 2025\9LC1.21.101 Culvert C920182 (Sherburne) (07-2025).accdb
00be057766bdc31a110d0b901054f44c,.accdb,9LC1.21.101 Culvert C960008 (Cobleskill) (07-2025).accdb,X:\CRSP Fieldwork 2025,X:\CRSP Fieldwork 2025\9LC1.21.101 Culvert C960008 (Cobleskill) (07-2025).accdb
6e450d32f1849afadc2e424b41aec472,.accdb,9LC1.21.101 Culvert C963054 (Bovina-Delhi) (04-2025).accdb,X:\CRSP Fieldwork 2025,X:\CRSP Fieldwork 2025\9LC1.21.101 Culvert C963054 (Bovina-Delhi) (04-2025).accdb
f16f053c8c6aae11a307ef3600678ee8,.accdb,9LC1.21.101 Culvert C963058 (Bovina-Delhi) (04-2025.accdb,X:\CRSP Fieldwork 2025,X:\CRSP Fieldwork 2025\9LC1.21.101 Culvert C963058 (Bovina-Delhi) (04-2025.accdb
0d77f4fb53de2ce3fcf67c0c6dde843b,.accdb,9LC1.21.101 Culvert C970019 (Wurtsboro) (07-2025).accdb,X:\CRSP Fieldwork 2025,X:\CRSP Fieldwork 2025\9LC1.21.101 Culvert C970019 (Wurtsboro) (07-2025).accdb
94268cf96bcc15de587b0914fd1ca263,.accdb,DEC Lake George (06-2025).accdb,X:\CRSP Fieldwork 2025,X:\CRSP Fieldwork 2025\DEC Lake George (06-2025).accdb
51a7cff0a80f601a5a70368facfc74f4,.accdb,S935.78.101 Medina Orleans County (10-25).accdb,X:\CRSP Fieldwork 2025,X:\CRSP Fieldwork 2025\S935.78.101 Medina Orleans County (10-25).accdb
7f2da32b0fa7be03d16f4e7ae1339351,.accdb,8065.12.121 Rt 17 Exits Orange County (04-2025)OLD Read Only.accdb,X:\CRSP Fieldwork 2025\OLD,X:\CRSP Fieldwork 2025\OLD\8065.12.121 Rt 17 Exits Orange County (04-2025)OLD Read Only.accdb
